Date,^GSPC,VGK,EWJ,EEM,FXI,AGG,HYG,GLD,DBC,VNQ,BTC-USD,DX-Y.NYB
1995-01-06,109.1322,124.326,137.3162,109.846,100.4899,101.541,128.8772,125.3528,123.7214,99.9413,112.0934,118.4203
1995-01-13,108.6249,124.5517,139.4826,110.714,102.8152,101.8958,125.3065,127.8718,120.6364,102.3077,112.9423,115.8851
1995-01-20,111.8187,122.4597,142.1626,112.7587,104.8116,102.302,128.793,127.4119,121.074,104.7498,113.5081,115.8525
1995-01-27,115.2743,119.5645,144.5534,110.2017,105.112,103.5859,126.1994,124.9895,124.6425,100.4949,112.4107,119.2125
1995-02-03,119.5635,120.0377,146.3752,110.4796,103.4589,101.8711,128.1103,124.3339,124.1937,98.6596,115.1538,119.9915
1995-02-10,116.0953,120.9168,147.8596,111.2503,106.5434,101.4222,125.8047,124.3802,123.9095,94.5152,113.0035,123.2937
1995-02-17,120.2331,121.3077,150.9538,107.834,106.2195,101.3178,125.8069,123.0868,124.1624,95.0479,109.998,123.1583
1995-02-24,119.9729,118.6468,146.0397,104.592,105.043,101.5017,120.1364,119.8521,127.6107,94.6492,106.9106,128.1861
1995-03-03,121.5506,118.1724,145.2063,107.6172,106.3316,102.9978,120.2895,116.4701,123.8349,95.2894,105.2201,130.5145
1995-03-10,122.7215,122.0956,147.499,104.5394,106.0717,100.8798,121.8421,116.5571,126.477,95.9782,107.1475,129.0129
1995-03-17,124.5907,120.9036,152.4823,107.7966,107.7522,100.1419,119.5917,118.1279,127.267,95.3393,104.6608,128.4866
1995-03-24,126.1267,119.0421,154.4105,109.5188,112.3256,100.6456,120.0662,116.0069,128.396,93.5357,100.7108,127.4617
1995-03-31,126.4185,121.0888,162.4448,107.0392,111.6593,98.0441,121.452,114.7321,129.1458,97.3899,99.3067,122.9655
1995-04-07,132.3272,121.7773,160.0227,107.179,111.0582,101.6651,123.8689,115.5474,131.1126,96.631,101.5305,126.2845
1995-04-14,133.6687,124.8005,163.8144,107.5513,110.7418,100.3621,123.986,116.2454,129.1764,97.2204,104.9003,129.2079
1995-04-21,132.7941,124.287,161.5023,110.2028,111.2975,100.3779,125.4081,118.4282,130.3052,95.0032,106.2011,137.8808
1995-04-28,135.9782,122.9771,162.0362,108.3106,107.5886,101.2345,122.9027,117.8697,127.8201,96.7307,106.4714,137.8544
1995-05-05,141.1979,120.074,162.7033,108.9616,108.0763,101.2839,120.4639,116.645,129.9197,95.9,106.3093,143.381
1995-05-12,142.7303,123.6533,162.0393,111.5984,110.5561,100.9742,118.8444,116.7157,129.346,98.1172,110.5726,145.3175
1995-05-19,140.381,125.2345,162.5185,115.7273,112.8135,98.0642,117.1979,119.0328,128.8929,98.5425,116.4036,144.6704
1995-05-26,142.0085,127.7601,164.2061,114.6665,109.5244,98.4674,118.4126,117.6717,130.5111,100.0547,117.0631,150.3462
1995-06-02,138.8926,127.2846,162.552,111.2246,109.4125,99.8414,119.7578,117.4068,131.8133,100.978,114.965,150.7789
1995-06-09,134.2318,128.4083,170.0186,111.3436,110.837,100.0014,116.3404,118.1936,134.0486,100.795,110.3785,150.4698
1995-06-16,133.9328,126.2518,167.8195,112.1853,109.7865,101.2022,118.5097,119.9344,133.4036,99.9457,107.8904,156.278
1995-06-23,130.5996,127.8544,168.3816,113.6848,109.6923,103.2229,118.2376,122.0896,131.6012,102.4226,108.8278,155.6761
1995-06-30,133.1387,124.8233,164.1346,111.3413,110.1359,104.3328,117.3773,121.8173,134.5751,104.4147,107.8038,155.1134
1995-07-07,133.1603,127.8379,165.973,111.2386,113.1148,103.3489,117.0214,126.9394,136.2327,102.3916,109.1425,157.8744
1995-07-14,136.1837,128.3292,165.7652,115.7645,114.408,102.8846,117.356,125.6126,135.0012,102.4087,112.6106,160.9826
1995-07-21,138.4954,129.1686,166.2876,120.123,113.1488,101.1471,117.5857,125.3422,137.1457,101.9825,109.1091,160.6834
1995-07-28,146.6868,126.0865,167.6171,119.9662,116.906,101.409,117.8225,124.7372,135.2885,101.8683,106.3001,160.5386
1995-08-04,143.896,125.838,167.8697,120.5553,120.9757,102.5962,118.6768,124.7806,137.9483,104.5101,105.787,160.4895
1995-08-11,148.2732,126.4739,167.8041,120.7494,126.1995,103.6963,118.698,127.6855,137.8624,106.47,105.7783,155.2689
1995-08-18,144.3367,130.892,165.7377,122.6191,131.4,106.4954,118.3209,126.6413,138.7476,107.22,104.3277,160.5333
1995-08-25,153.0181,131.7552,167.9224,122.8126,130.5438,106.2957,117.9224,127.4297,139.5116,107.9951,106.7018,164.1238
1995-09-01,155.7499,137.2023,169.1961,122.1587,126.506,106.5638,119.4736,130.0807,139.9046,108.2762,105.4817,163.1658
1995-09-08,157.6716,141.1074,168.0569,127.2495,126.3106,105.3216,117.8503,132.6532,140.1118,107.5277,104.7584,161.6941
1995-09-15,156.6571,150.1449,176.101,128.9729,126.9222,104.4284,118.1671,131.5832,143.2325,106.0497,104.3803,165.7482
1995-09-22,154.1836,149.5169,178.8308,130.2966,127.1572,103.8027,121.9406,133.6018,148.0609,106.6831,103.9839,168.1981
1995-09-29,150.8385,148.0604,181.9806,129.8262,127.7795,102.8208,122.3301,135.1868,150.8147,108.4153,104.7456,164.7028
1995-10-06,156.3261,149.5525,178.3073,132.0677,127.9321,102.9672,122.6786,137.0124,154.1673,110.0136,103.0939,163.4565
1995-10-13,160.2385,148.032,183.7817,131.4827,128.1454,101.5713,125.8305,139.073,152.6336,110.4232,105.2921,164.2719
1995-10-20,163.9381,146.4638,188.2715,133.3163,131.0975,104.8461,126.0242,141.6499,154.8164,110.4773,108.3091,164.7911
1995-10-27,168.9744,151.5792,189.5989,135.4293,132.3076,104.7921,126.2216,144.3656,155.9407,111.1936,106.5477,164.6125
1995-11-03,169.7921,155.5313,189.7081,134.6811,134.3673,106.4533,129.1377,145.8315,156.7085,110.8247,108.6139,169.0006
1995-11-10,173.0339,155.5413,188.0007,131.4783,136.9363,104.5478,127.8512,148.2635,157.2733,111.5658,108.5226,173.0855
1995-11-17,171.7638,151.448,184.9293,131.5438,137.9149,103.0969,130.3518,152.2547,157.5031,112.7292,107.4444,180.2872
1995-11-24,169.0131,151.826,185.0251,133.7964,141.5221,103.1643,129.7089,148.6578,162.47,110.6115,106.9934,179.0725
1995-12-01,173.5816,151.9427,191.4113,134.0429,144.3226,102.2894,130.3781,150.0157,157.1312,108.8185,104.8261,180.8615
1995-12-08,168.7291,145.1778,199.0419,135.8881,143.3571,102.4313,136.2356,147.6667,159.628,108.8051,103.0193,181.832
1995-12-15,171.4942,143.0616,204.7267,131.9443,144.1742,101.5027,138.8586,148.3475,160.7253,109.3487,99.9609,184.8568
1995-12-22,174.0208,144.5984,209.0171,131.7456,145.0695,101.2308,139.3452,147.9277,165.0037,110.9441,105.1744,189.7318
1995-12-29,169.0548,144.4559,208.1983,135.4994,145.0304,102.5119,140.5435,149.2292,163.3184,108.7035,104.4145,197.6638
1996-01-05,176.2908,149.0799,209.1828,135.4217,146.4715,104.3525,142.4051,150.2228,165.2093,108.7527,109.3133,199.56
1996-01-12,178.2233,154.1754,209.1871,133.9441,146.2906,101.0143,144.8783,150.0143,169.4382,108.1206,106.9011,200.6173
1996-01-19,168.2696,154.3194,218.3366,134.5084,151.288,102.7073,146.4429,150.6641,165.6208,111.5095,103.4754,202.7919
1996-01-26,169.8541,156.4216,221.3885,132.7008,149.3995,103.988,147.0572,153.8818,170.3522,114.4638,104.8981,204.1527
1996-02-02,174.3022,165.8426,222.8916,132.95,149.8971,101.5315,152.0134,151.0719,172.1043,116.6295,105.3432,208.0056
1996-02-09,167.7572,167.5833,223.12,137.0905,150.5626,104.6725,155.6246,152.7971,169.7286,121.2871,105.777,203.4325
1996-02-16,171.935,166.1878,226.0147,134.5578,156.3073,105.267,153.1264,154.2868,175.7637,122.017,108.9534,197.0904
1996-02-23,172.3736,172.2099,230.7881,137.4019,154.3743,105.4386,154.2301,156.3873,176.2509,119.8521,104.2118,195.3973
1996-03-01,177.5595,173.1862,218.1248,136.23,155.4678,104.3088,155.329,157.3731,176.2053,120.0486,102.9704,191.6539
1996-03-08,180.3186,174.9866,222.3153,134.4948,159.7854,104.8426,157.0141,156.4415,173.1232,119.4036,103.9006,195.5536
1996-03-15,179.869,176.4019,228.7656,132.7744,162.0409,103.3989,155.39,156.5586,173.4807,121.0145,103.9406,190.3022
1996-03-22,189.11,177.763,229.1292,135.2573,160.8467,105.4943,157.02,155.7136,178.8402,118.753,105.059,195.7568
1996-03-29,186.7024,175.0142,231.5533,136.414,159.1343,104.1411,157.0455,152.3616,185.4785,119.489,105.4371,200.9267
1996-04-05,189.2758,173.634,227.6048,138.2515,154.2846,104.0796,153.7316,152.102,191.3443,122.553,105.4615,202.3713
1996-04-12,195.6397,172.9294,232.3761,139.8015,153.0673,106.0155,152.5588,150.8371,189.6195,120.9402,108.6637,198.3868
1996-04-19,198.3993,172.9907,232.1222,140.2057,154.4002,105.1984,153.7511,148.7254,186.6015,121.2015,109.4223,191.9867
1996-04-26,198.5598,176.3515,230.4926,141.8196,151.8944,103.7115,154.6156,151.2326,182.2865,120.2988,110.439,197.1846
1996-05-03,196.1184,175.4952,231.0534,142.4999,150.8633,103.7509,157.4276,148.7243,181.0219,119.8319,109.0836,196.4801
1996-05-10,197.4386,176.7576,227.2077,141.9184,151.7228,105.3857,159.6197,150.1341,183.4782,121.8553,108.1815,202.1769
1996-05-17,197.9623,178.871,227.435,141.5518,156.8048,104.7413,164.0608,154.7465,186.6587,121.884,107.6345,193.7199
1996-05-24,197.3304,181.8328,230.2077,146.7542,153.5415,105.7619,167.7234,150.8249,185.8244,125.1595,109.3867,193.0712
1996-05-31,205.9695,183.3833,229.3941,145.8223,152.8219,105.7341,166.2785,155.3097,190.1001,127.7084,112.348,180.3787
1996-06-07,220.0267,187.831,224.5276,143.8187,152.7622,106.5856,167.1047,159.863,190.7588,126.1765,113.1921,182.0748
1996-06-14,225.8215,194.7307,225.1196,142.3249,147.9807,108.703,167.9524,164.4235,187.6823,129.0529,113.196,176.9005
1996-06-21,230.8477,194.9358,217.0363,140.9383,146.8787,110.8489,175.0053,163.527,184.3703,126.3565,113.0715,174.5732
1996-06-28,228.253,191.5543,215.8083,142.8543,147.2512,113.0026,177.0372,162.3717,184.5108,131.4052,113.7734,167.6034
1996-07-05,230.4691,189.6485,219.069,143.505,150.3211,110.5356,180.4761,158.2884,178.647,133.5994,117.1552,167.2563
1996-07-12,233.7089,182.6705,224.7642,143.869,151.737,108.4716,177.7411,159.9263,175.994,132.5431,116.6904,165.0184
1996-07-19,235.2984,186.9356,223.2837,144.6055,151.2987,108.9302,180.6624,166.0252,175.4278,131.107,118.3871,163.2989
1996-07-26,235.0324,183.5004,219.0577,142.9813,152.6615,112.6674,178.7985,168.7181,174.0625,135.3099,120.3661,164.3439
1996-08-02,231.1466,180.8413,218.597,139.7999,151.1203,111.3312,178.2359,170.3335,174.6502,133.9549,120.1634,164.1542
1996-08-09,229.3131,179.4981,217.3171,139.884,155.5361,112.8762,174.6067,168.1092,173.9035,131.8343,118.7382,162.2038
1996-08-16,234.1046,178.4279,223.7228,140.0983,155.8714,112.0586,175.1001,173.2328,181.0208,134.4176,115.7931,166.4163
1996-08-23,219.5593,183.1829,213.7753,134.2186,158.2765,111.9576,171.4284,174.6146,182.6433,133.9564,115.1387,167.8405
1996-08-30,220.148,185.7814,215.6704,136.9432,159.844,112.7152,171.2389,172.0706,176.1824,136.6763,116.2705,168.6887
1996-09-06,220.3289,187.5812,210.0737,137.1118,154.9905,110.9248,172.897,173.192,178.437,135.0832,116.2773,172.2103
1996-09-13,219.8316,189.3765,205.2392,134.556,154.4336,108.7214,172.7512,174.2676,177.064,136.8781,119.0693,168.222
1996-09-20,223.5531,183.9352,204.611,135.5356,152.7731,108.5115,171.6077,169.6079,178.4025,138.4576,121.5918,173.9883
1996-09-27,216.9723,185.8232,209.0363,130.9379,151.9244,105.611,172.7244,167.167,178.4477,137.8639,121.5922,175.8103
1996-10-04,223.0301,182.0187,204.0065,128.8411,150.8639,107.4117,171.2108,166.8913,183.5895,136.1819,122.7158,171.199
1996-10-11,220.0902,175.9088,215.8432,132.5407,150.9033,106.6572,169.8576,167.2184,185.8708,138.4071,119.5605,168.0557
1996-10-18,220.2513,165.0156,213.963,131.4903,153.0161,107.3599,167.6086,167.9965,185.5149,140.8978,120.1611,170.7183
1996-10-25,217.8124,167.6143,211.6023,132.9341,151.3909,107.8916,175.3755,161.654,188.7408,142.196,123.9506,176.5897
1996-11-01,218.3632,173.3356,210.7902,132.4046,150.0253,109.3311,177.6018,160.7987,187.6613,142.7568,123.8559,179.4806
1996-11-08,210.7708,172.1311,216.3619,131.5304,145.8984,108.7483,180.3551,158.7746,188.5391,139.9222,124.9791,181.1432
1996-11-15,200.9394,169.4086,212.3073,132.5719,144.5404,110.4588,178.2155,159.4515,192.0216,141.7588,124.2185,190.1078
1996-11-22,210.7312,174.8839,221.3092,135.7295,142.8772,109.4304,176.1044,162.1766,197.1841,144.313,122.8349,188.9619
1996-11-29,205.1612,172.5694,218.1999,139.3027,138.7081,109.4987,175.553,158.084,198.0847,139.9057,122.5827,186.9134
1996-12-06,202.8189,172.6128,221.6481,140.3517,138.3067,106.5845,177.8562,156.2973,191.3545,137.6306,118.6169,190.0399
1996-12-13,201.4219,176.2415,218.3656,138.1274,136.8417,105.554,176.0336,153.917,189.8389,137.8375,112.1379,186.0015
1996-12-20,196.8685,174.2345,217.0017,134.6724,139.6979,106.2226,169.6177,148.7508,186.551,138.0286,110.8362,191.3332
1996-12-27,200.9028,174.2314,226.4887,133.1264,138.9272,104.9485,172.0437,147.2193,183.3469,140.002,112.3068,185.302
1997-01-03,195.7284,171.1291,230.8784,129.5711,136.2307,107.7779,172.5836,150.8091,179.0423,139.0412,111.0507,180.9195
1997-01-10,197.9985,166.8866,225.9,128.8477,137.6143,107.3459,171.5681,152.4547,179.3572,140.9117,111.9883,178.4284
1997-01-17,197.4861,163.3883,228.742,130.3758,136.8961,107.8709,173.3864,152.5224,177.4637,138.2094,113.7994,178.2459
1997-01-24,190.7534,160.2567,235.08,128.8137,139.1521,110.2174,171.3332,151.0805,175.8298,138.5018,111.3211,176.8346
1997-01-31,192.2043,157.8361,245.5324,130.4465,140.2005,107.6913,169.3156,151.2365,175.572,139.0261,113.4521,170.8177
1997-02-07,195.1438,158.4314,249.8007,130.2025,136.4284,106.1417,170.8198,147.917,172.8719,135.2166,108.1539,169.6988
1997-02-14,187.7329,156.8488,251.9336,130.5182,135.4021,104.0086,169.4087,147.3973,174.4038,133.5766,106.3227,164.6369
1997-02-21,183.7236,154.6781,254.9802,130.6554,134.6129,103.1339,171.2368,145.3597,179.5046,134.6791,106.0781,157.1885
1997-02-28,185.8297,156.2452,259.8721,130.0016,132.4998,104.7194,168.6115,142.5779,179.5003,136.6803,100.9784,159.809
1997-03-07,188.5819,157.9279,263.4632,130.7431,131.8945,106.8304,165.9764,141.0468,174.4051,134.8279,102.0549,159.4759
1997-03-14,186.8365,164.5428,272.2514,133.5268,135.7199,104.1847,162.2516,140.1507,174.3448,136.4403,94.461,156.4467
1997-03-21,190.4193,162.9084,268.7675,135.815,132.1356,101.6999,160.7892,141.5223,163.5352,133.8255,93.6101,156.9885
1997-03-28,187.1344,162.1371,267.3229,134.266,132.8035,101.0711,156.7628,141.0086,160.2386,136.2778,92.1778,155.0347
1997-04-04,188.1625,161.9905,274.0919,132.5642,131.2906,103.4806,153.667,141.4254,161.394,133.8061,92.5434,152.1474
1997-04-11,190.4054,162.3512,271.7901,134.7317,128.9825,102.3817,154.8879,138.3687,160.9867,130.5837,90.6253,150.6924
1997-04-18,197.8831,167.6559,277.654,135.8594,126.9351,101.924,150.3166,135.003,159.5886,127.8853,91.5386,152.897
1997-04-25,191.9742,161.6558,268.5918,132.3733,130.3827,100.0588,149.3465,134.0212,161.8127,130.6642,90.12,149.2185
1997-05-02,197.4513,164.4714,266.4919,133.6468,127.5255,101.6647,148.136,130.8096,164.7997,129.4867,88.8209,149.2029
1997-05-09,197.9312,159.4771,265.4043,131.7649,128.7497,99.7542,154.6281,131.907,160.58,124.1301,87.6463,152.1852
1997-05-16,196.1191,156.464,266.2956,125.8834,126.9726,97.1381,149.7037,134.2153,165.5611,123.8496,88.1404,152.0855
1997-05-23,196.5861,158.8417,272.6191,125.2935,125.5808,99.1696,154.4803,133.4561,165.5823,124.6733,89.3033,149.4085
1997-05-30,193.221,151.1216,265.7663,125.131,121.5941,96.2656,151.8986,131.0352,165.08,123.7335,91.2432,150.813
1997-06-06,189.7486,151.7822,263.5363,124.5573,116.7859,97.5496,151.0925,135.3107,166.15,121.6407,91.1976,149.6447
1997-06-13,188.5564,150.977,259.1268,123.5376,116.5704,96.9335,146.8169,131.7657,171.582,114.4982,89.2491,146.567
1997-06-20,187.6351,143.5366,249.7733,122.1704,117.3072,95.3052,146.981,133.7829,169.2465,114.5879,86.9471,150.0009
1997-06-27,197.0715,140.5795,248.3041,121.8652,114.1515,96.286,145.8982,135.5406,170.3313,111.8583,89.7704,141.274
1997-07-04,200.4343,139.2804,249.7919,125.1303,113.258,95.1222,144.9199,135.8104,173.9374,112.5328,88.1994,142.7364
1997-07-11,203.8165,141.5068,245.8728,124.2624,112.3899,95.111,144.3496,134.9761,168.3241,111.6505,88.5244,142.0452
1997-07-18,190.4765,140.9567,238.9234,124.2246,110.6275,92.5075,151.6663,137.3472,165.8888,109.4739,88.8023,141.9368
1997-07-25,192.4496,142.0039,239.5281,124.5719,113.0885,91.3472,151.684,138.655,163.9897,108.7457,90.2854,144.2481
1997-08-01,187.8363,138.3088,233.6666,121.7734,112.2378,91.8508,152.7498,137.0296,159.9274,108.7535,91.3023,141.4025
1997-08-08,194.6023,131.7712,231.72,121.9349,114.6258,90.654,150.0906,135.7639,161.2463,106.2141,89.2497,140.8901
1997-08-15,187.1767,127.0665,230.9621,121.7504,113.5994,88.2823,150.0089,135.9685,158.6905,106.5601,90.2953,139.5559
1997-08-22,185.3187,122.1758,226.6044,121.5274,109.7904,88.711,151.1704,132.1604,154.682,106.1242,93.5632,142.4937
1997-08-29,183.2899,120.0835,222.0524,119.4895,109.9715,89.982,148.9238,129.5669,158.9618,108.5483,93.6008,143.6753
1997-09-05,181.2177,118.8302,224.0369,119.1798,106.7837,90.0377,149.1937,128.0146,158.3265,105.9703,97.7868,138.2978
1997-09-12,178.6501,116.1458,239.146,118.4512,107.5337,89.7759,150.8338,127.312,158.688,106.99,95.1168,140.9682
1997-09-19,178.7538,111.6056,234.5162,118.5098,105.6772,88.1446,151.2534,125.8931,159.0994,105.4007,96.5555,140.4262
1997-09-26,186.1959,105.6213,239.7484,117.5611,107.5075,88.1527,155.431,123.1834,155.9648,103.4556,94.7945,139.6193
1997-10-03,185.2687,108.0207,241.6627,118.968,108.5441,87.2046,157.4426,124.8076,158.6907,103.5778,93.1137,138.8261
1997-10-10,184.2043,110.1003,250.5964,119.7059,106.5226,86.9842,158.8685,123.4693,159.9187,104.0287,90.2035,137.4646
1997-10-17,185.5281,109.0551,248.6091,120.1019,109.0347,86.28,157.9323,123.8487,160.1288,104.0954,90.194,141.052
1997-10-24,197.3765,105.5881,247.6829,120.4124,109.1354,86.7398,159.3454,123.3153,154.5983,105.5518,90.8096,141.1245
1997-10-31,197.0173,102.8429,253.0418,118.0475,110.0657,88.1331,163.8235,122.3155,156.9963,104.9431,89.256,138.2845
1997-11-07,195.3396,102.2288,252.0368,117.7738,107.6159,88.8493,160.2314,123.2807,160.0323,102.452,88.1154,138.855
1997-11-14,202.4367,103.222,254.229,118.4803,106.8067,86.6486,159.8056,121.4998,158.3213,105.7864,83.5749,138.879
1997-11-21,199.6413,105.3865,256.5267,118.3479,109.0427,84.8188,161.814,125.2974,159.624,102.7809,85.1729,139.9875
1997-11-28,192.7941,107.591,255.8838,115.5425,110.6096,83.9576,160.2821,120.5647,158.1916,102.226,84.2771,137.7242
1997-12-05,191.2562,108.9676,256.8274,115.3881,110.3875,84.1074,163.3783,123.9918,157.401,103.9921,84.0986,139.1924
1997-12-12,193.5853,110.0644,251.1427,119.5753,111.3512,84.3845,164.3928,121.8263,156.2793,104.0965,85.5548,138.4142
1997-12-19,196.0106,107.7869,255.6607,120.5167,111.7851,84.235,164.6271,122.1827,155.4704,105.6611,85.1957,137.3613
1997-12-26,201.4991,106.5922,246.4344,120.8121,112.085,85.7402,161.1677,120.5866,157.0003,106.0108,84.7736,135.978
1998-01-02,197.026,107.9141,254.1021,120.6263,115.3264,84.7553,161.2312,123.6795,157.3116,106.4398,82.6106,136.5233
1998-01-09,198.8468,102.4663,252.0289,120.6586,116.4176,85.5027,161.5312,126.3459,158.9479,110.1231,82.9053,132.5156
1998-01-16,197.0107,107.6034,249.1682,122.7389,116.3972,84.1499,159.4751,124.9575,160.2324,105.906,83.6191,128.4377
1998-01-23,196.0997,106.1671,255.0938,124.6483,116.9953,84.816,160.6914,122.803,158.5505,106.776,83.7439,125.9787
1998-01-30,193.4894,107.9637,250.0944,126.3917,116.9921,81.8514,163.1345,120.1733,163.0694,107.3054,81.1084,126.9828
1998-02-06,190.8325,108.3818,247.6471,124.2244,116.9455,81.0126,166.1336,122.7873,160.9885,108.5342,81.2632,122.6211
1998-02-13,197.1065,105.6365,242.8994,124.688,117.5141,82.2005,167.6011,125.3588,156.0504,108.4412,78.0161,123.1405
1998-02-20,197.8999,102.309,244.876,124.6697,117.7079,84.2111,166.9643,127.0886,157.1586,109.2079,77.6858,121.7506
1998-02-27,193.9592,101.5195,242.2907,121.4287,117.2661,83.283,162.3976,126.263,158.8012,110.2999,78.1655,122.8434
1998-03-06,190.8675,101.3674,243.4576,123.3613,117.2088,85.0534,165.6236,126.8463,159.7028,112.4377,79.4043,124.1018
1998-03-13,194.8648,102.4041,243.914,121.5057,112.8364,84.1347,168.0087,126.7195,163.822,113.777,79.656,130.3899
1998-03-20,197.9247,99.4177,251.072,121.1181,114.1085,83.1999,165.4594,125.4609,166.0567,115.8956,82.3776,127.0837
1998-03-27,198.2714,96.5162,249.659,120.8712,117.4403,86.4828,168.8896,125.8173,161.2146,114.3722,83.4137,127.4621
1998-04-03,201.1369,102.063,241.5921,121.067,116.819,86.1063,171.7383,126.2406,163.4322,113.1068,86.3272,123.4947
1998-04-10,194.5795,100.3717,252.9783,120.0851,115.6503,85.2582,167.2726,126.18,163.0121,115.0207,82.8391,121.4767
1998-04-17,189.1587,98.6629,257.2027,122.7164,117.2982,83.3984,164.8473,127.3261,169.9352,116.2365,83.9077,120.7763
1998-04-24,187.5837,98.0772,256.0759,121.47,118.9632,83.9024,163.6158,127.3075,170.872,116.0284,83.6009,117.8366
1998-05-01,185.0257,95.8477,259.4222,121.7924,121.8538,83.7201,167.2127,127.2092,173.2015,111.8652,84.7227,121.9003
1998-05-08,179.0134,94.2671,257.6635,121.3837,124.1666,84.911,169.5573,128.2126,171.5957,111.8286,83.9193,121.1073
1998-05-15,184.2,96.4479,254.6092,121.3211,124.1274,87.6985,166.7273,131.0117,172.4084,112.4423,83.4972,126.3153
1998-05-22,195.498,94.7979,260.0414,121.3514,125.0452,88.5305,164.4643,133.5211,173.2449,112.1835,80.7261,125.4431
1998-05-29,200.1728,95.7676,265.3684,123.9731,123.5292,88.3204,168.7887,135.2271,170.9247,114.3697,78.6358,126.1769
1998-06-05,204.0069,95.9556,260.2566,121.9581,125.657,88.4963,172.0039,136.6014,169.0551,112.6796,76.647,128.7069
1998-06-12,202.1701,97.8733,258.695,127.3921,123.2331,88.7209,169.3743,135.7111,167.6431,112.0422,73.5856,136.1074
1998-06-19,211.084,96.5477,255.2827,126.4044,124.7716,89.0059,168.1867,138.4374,174.1517,113.1605,70.5879,137.5461
1998-06-26,214.6016,96.2047,262.5907,126.196,122.3945,90.014,167.8628,139.1869,174.5547,115.5986,67.6006,135.9462
1998-07-03,213.3102,98.2574,259.5361,128.2144,122.4566,90.8196,172.5427,139.9929,176.1218,113.9802,69.5193,130.8562
1998-07-10,209.5015,97.153,261.0122,125.3586,122.268,91.0601,174.2315,142.3452,174.7607,116.4118,69.0425,128.9117
1998-07-17,216.3843,98.5632,260.9322,128.6399,123.1887,94.8752,177.5641,143.419,177.15,115.3033,69.6257,129.969
1998-07-24,211.0414,98.3428,252.5322,132.5129,125.3083,94.1383,169.8787,142.1864,177.7922,118.0877,70.0375,130.3538
1998-07-31,215.8975,98.8954,259.7428,132.2712,125.9189,95.5106,168.6885,147.6491,177.3249,120.5942,67.7308,130.4467
1998-08-07,216.0218,96.5722,243.7864,133.3344,130.1326,95.2527,171.3268,150.1845,178.3362,119.6143,69.8428,129.9779
1998-08-14,218.24,93.3802,254.3986,137.7036,130.3846,96.5028,174.869,151.3523,180.0339,118.0038,66.8384,132.178
1998-08-21,224.9139,92.0701,259.2567,138.9426,131.4019,95.8137,170.458,151.6854,185.6241,118.3375,64.1886,131.2511
1998-08-28,224.885,92.6246,258.1919,140.3462,133.2225,94.9779,169.5317,155.3032,182.1338,116.1325,63.4798,133.8672
1998-09-04,224.8224,93.4078,258.5617,141.7507,131.1266,95.6099,173.2797,156.0977,181.5002,115.5318,64.9032,131.4787
1998-09-11,233.4197,92.9096,258.1023,144.0051,133.7391,95.7768,171.2381,159.4277,183.354,114.0695,65.3437,131.0669
1998-09-18,237.5686,94.0709,256.714,148.1853,135.7516,95.8038,174.0593,155.4632,178.6866,112.8544,65.4344,131.2035
1998-09-25,231.9651,93.3453,259.9441,149.1103,135.62,95.0769,176.7477,158.6691,180.7624,113.0535,68.7337,138.6706
1998-10-02,240.1878,92.9849,260.4551,147.5074,135.6238,96.1519,179.4588,162.1641,180.2013,114.3425,68.2717,139.4967
1998-10-09,242.4361,94.9703,263.9669,148.1221,138.7666,94.8895,178.3551,163.6679,178.1934,112.3627,68.6195,140.1114
1998-10-16,248.2565,94.1472,262.8436,152.5478,139.6201,93.7943,177.0339,166.3041,175.9162,114.3828,68.1184,137.6276
1998-10-23,252.3742,94.4499,273.5561,157.4428,143.5701,95.9337,174.81,165.0314,174.9497,116.2026,68.3636,136.9454
1998-10-30,255.0381,93.5925,271.4204,157.4174,142.7658,95.5876,168.6789,167.6242,172.3876,115.8206,66.9231,133.2817
1998-11-06,255.9032,91.6824,263.1303,160.3039,145.5317,97.6326,175.8138,168.8072,176.8777,113.5991,68.0735,137.961
1998-11-13,259.6799,92.3887,249.7912,161.5159,144.2775,96.2858,181.7783,169.9489,173.7885,113.5945,66.7684,136.7319
1998-11-20,260.3715,92.4405,262.9919,158.4657,140.9408,97.9303,182.804,168.5617,173.983,117.2018,68.2582,141.8923
1998-11-27,253.8059,94.3093,263.3068,158.2356,142.0724,98.9083,183.1635,169.5856,181.3848,119.1842,69.8503,141.7449
1998-12-04,255.8915,95.128,253.8039,155.3094,141.9357,100.497,187.9066,170.4032,184.1317,120.4177,71.7746,140.1303
1998-12-11,252.7242,94.5551,261.8663,158.258,143.3343,103.9847,188.8456,172.1933,185.2069,119.9054,71.4013,140.5935
1998-12-18,248.9251,95.3698,270.0505,159.829,144.081,104.6533,188.0399,172.0321,181.3402,120.4259,71.0078,141.0185
1998-12-25,250.7983,97.2805,269.831,161.0646,143.3865,103.998,184.4313,172.1926,179.0312,119.3343,71.4648,138.6173
1999-01-01,244.1812,95.7253,261.1097,162.3685,145.4005,102.6089,183.8253,168.925,180.4166,120.8685,71.7155,139.1546
1999-01-08,260.2913,95.5429,250.064,161.6074,142.6035,98.97,184.2132,169.1502,184.4006,120.3745,70.9803,144.8306
1999-01-15,251.8443,89.2888,251.8006,165.9454,143.8612,99.1053,182.9082,170.6933,187.4273,119.4275,71.5213,147.3847
1999-01-22,250.6148,94.3444,252.1444,170.9352,142.8916,99.7083,190.7427,170.6346,182.2047,120.748,72.8547,148.6608
1999-01-29,258.1327,94.7125,262.5026,171.3662,142.6825,102.2415,191.9313,174.9865,183.1618,121.6969,73.982,152.7574
1999-02-05,264.2374,100.5619,263.386,172.762,147.4618,102.3365,187.7139,175.9026,183.2389,125.35,75.6629,151.877
1999-02-12,271.5326,96.4789,268.3019,168.2821,148.9499,105.7357,195.0326,172.709,183.4621,125.2712,75.0213,151.743
1999-02-19,273.4917,96.8821,265.4343,170.0933,146.1197,104.6068,197.6593,173.3971,181.9862,124.9926,76.3009,159.115
1999-02-26,270.1365,96.4225,276.1589,173.3913,143.2592,105.6183,192.8856,178.1651,187.8932,125.7439,78.5641,159.9059
1999-03-05,270.7356,95.8618,263.3506,172.1778,144.0754,107.087,196.6234,180.5584,191.619,125.7805,77.5562,160.0123
1999-03-12,272.7347,98.7271,262.9619,174.9544,146.7412,108.2618,196.7452,177.7322,197.6867,127.7021,79.5284,165.176
1999-03-19,277.4887,103.2636,257.3355,171.1703,143.411,111.7999,197.6487,178.4726,204.4945,128.9088,79.3365,163.6555
1999-03-26,280.305,105.4653,250.9289,172.4789,148.4959,115.972,200.0977,177.1808,201.7616,129.7016,76.9248,166.3562
1999-04-02,279.8524,108.1032,239.9497,173.8801,147.2289,116.7397,199.6778,178.6095,202.2745,133.1448,80.8603,165.2588
1999-04-09,283.7616,106.7773,243.4221,174.9397,143.8083,116.9384,199.8442,174.6008,200.689,136.2555,81.6933,165.3735
1999-04-16,293.7381,104.5024,245.4601,172.6521,142.2921,114.8041,197.3887,174.8653,202.9948,140.1211,81.68,168.5719
1999-04-23,293.8901,101.6056,241.1158,173.0202,143.3973,117.1317,199.0527,177.7201,207.2945,141.7517,80.494,167.1898
1999-04-30,301.2296,99.5242,240.6499,170.1128,144.7786,120.2825,200.3731,178.316,207.5217,143.3384,80.9666,170.4663
1999-05-07,306.7956,98.5843,239.9099,175.0555,143.8104,120.69,204.4307,174.4078,208.284,145.3922,80.166,166.1898
1999-05-14,303.9207,99.3043,239.988,176.777,145.5497,121.5883,206.8745,178.3134,211.8646,149.9222,78.7832,165.5193
1999-05-21,309.7784,98.9671,244.0307,177.6595,145.4,122.0097,209.0517,178.4141,214.1985,151.7926,83.5551,170.0161
1999-05-28,310.6542,97.2956,239.1685,175.4488,145.2446,122.1853,210.9159,177.0375,222.6318,157.0206,84.5538,174.4293
1999-06-04,309.1532,98.5194,236.2364,180.3268,141.5951,123.4674,210.5339,177.9685,216.4922,156.8425,83.71,175.1632
1999-06-11,313.6361,98.2816,241.7504,185.2291,143.0901,125.0607,209.082,180.3211,215.617,154.7403,85.5153,174.2999
1999-06-18,310.8872,96.6483,244.684,187.4397,143.8493,127.6626,207.8263,180.8244,209.0889,153.7446,84.7928,178.2583
1999-06-25,312.7997,98.6248,244.3621,183.7472,147.8057,128.2108,204.0394,178.04,215.0927,155.8739,85.8086,173.2165
1999-07-02,318.311,98.8898,250.1399,183.1256,155.5458,129.0073,205.3432,182.2537,211.598,156.7576,89.0217,173.2012
1999-07-09,312.5929,98.827,251.0101,181.1035,154.7807,129.591,205.7946,185.1984,216.5593,154.8263,90.3331,176.646
1999-07-16,323.5016,96.0962,261.7063,181.2612,156.2664,132.0002,210.1864,185.5222,221.5132,156.6007,91.7471,172.7852
1999-07-23,332.9851,95.1322,265.7491,185.4758,156.3563,134.4418,210.824,180.4268,216.797,158.2212,97.1316,170.7383
1999-07-30,350.1088,93.9,266.5001,185.2187,153.1031,133.4178,206.7322,182.9639,221.8007,160.4357,99.1895,168.3385
1999-08-06,349.3817,89.8425,267.2335,189.561,155.2006,136.32,213.7196,181.326,219.0311,155.9646,101.7738,164.121
1999-08-13,346.8807,89.1399,259.741,191.7199,160.3618,137.022,216.5139,177.1215,221.468,154.6037,102.9782,161.2657
1999-08-20,351.9345,88.8847,247.7796,188.1938,158.1049,139.916,218.3414,181.5986,223.4075,151.6431,100.9916,162.0002
1999-08-27,352.3882,90.01,242.8546,188.005,157.2807,142.2269,217.0073,184.3805,226.8934,152.6057,102.4373,164.2821
1999-09-03,358.3132,93.5027,245.534,186.7849,156.9903,138.5925,221.5525,177.5245,230.9081,154.1756,98.2518,164.2123
1999-09-10,357.2073,91.042,239.7781,187.5603,160.4868,134.2014,221.623,175.4305,229.4375,155.7945,100.2294,164.4915
1999-09-17,357.971,90.4463,239.6741,183.7215,158.1347,131.5195,223.0134,173.4931,221.403,155.5703,99.6895,168.6871
1999-09-24,344.337,91.8739,235.5027,185.214,162.4325,131.9041,214.4507,177.4549,223.4316,156.1647,102.2649,171.9905
1999-10-01,346.4505,91.7246,236.715,185.991,160.4506,133.5565,216.6825,173.1784,221.1019,156.9571,106.3633,169.2362
1999-10-08,354.6628,89.4358,230.2479,189.5557,161.0652,133.177,218.8339,174.8438,222.6059,157.8144,107.1382,166.1662
1999-10-15,361.8013,89.0376,228.2115,189.3725,158.5564,132.4766,221.5107,172.4714,220.3997,155.6348,107.2971,169.9028
1999-10-22,367.3807,88.0366,225.438,188.9168,159.4728,133.3661,224.6268,173.6912,223.3506,152.8747,106.2005,169.9114
1999-10-29,363.4271,89.0642,226.6929,190.4274,160.8723,132.3994,220.3252,174.0501,222.9932,155.1141,107.8429,165.8198
1999-11-05,370.3738,91.5376,234.6063,193.8407,161.7531,128.269,219.5862,175.389,229.2739,150.2799,112.0502,167.8183
1999-11-12,366.6167,85.5696,238.0817,195.2878,159.4007,129.4953,214.6765,173.1088,230.4931,150.5035,112.204,172.1231
1999-11-19,366.4065,86.5473,245.2966,196.3469,165.5522,128.3204,211.256,176.4589,235.1679,152.2157,109.0332,176.2507
1999-11-26,368.0498,80.3452,246.9287,192.6061,168.534,130.2211,212.3691,180.7922,229.5203,155.8742,108.4711,178.8225
1999-12-03,366.981,80.2689,236.3624,188.7798,162.4619,128.0521,218.5712,177.9729,225.5878,158.7198,108.7375,180.4152
1999-12-10,370.6324,79.0977,229.1617,191.1617,159.596,124.9507,211.4541,175.8109,225.345,158.6328,110.3073,188.0749
1999-12-17,383.5681,81.5519,225.4623,191.7089,155.4562,122.7582,212.3362,174.3762,229.5583,155.8934,111.516,189.6637
1999-12-24,379.47,83.9866,227.2175,188.5616,157.0571,119.0739,214.2905,173.5206,224.3295,162.3137,110.061,186.5749
1999-12-31,383.1136,82.6886,226.8535,191.9572,158.9634,117.6928,219.4223,174.3045,224.3115,162.2727,110.0462,179.9758
2000-01-07,377.2589,84.3718,226.8417,191.9051,161.675,115.6404,214.9462,176.2348,223.0669,164.4444,109.1273,174.9795
2000-01-14,393.666,84.5641,221.8283,191.9372,165.7499,116.7024,211.4937,175.1332,225.528,166.4574,110.8276,172.2124
2000-01-21,404.3072,87.0027,214.5692,190.4247,167.8971,120.5466,203.3945,167.7946,228.3106,169.9153,108.9503,173.0081
2000-01-28,419.232,87.9626,204.1382,189.7502,167.4576,118.8582,206.4186,168.0071,228.2663,171.6501,110.0366,175.4936
2000-02-04,419.3322,90.1993,202.0008,191.8303,170.578,117.7708,203.2287,168.8141,222.7026,168.397,112.6808,168.6443
2000-02-11,412.5738,89.5123,202.6917,189.7287,169.3794,116.313,207.996,168.998,219.7486,166.3287,109.253,166.0046
2000-02-18,421.3738,86.8651,198.2794,190.0842,174.5038,114.0319,210.0329,165.797,222.6916,169.3653,109.1486,161.0223
2000-02-25,419.1112,84.5121,203.002,189.1662,179.3927,114.1044,206.5075,168.579,225.7112,166.8953,108.1319,160.4013
2000-03-03,415.0596,83.2421,203.1192,187.851,177.6816,113.3303,202.2142,166.5336,222.1504,167.5183,104.4225,160.3546
2000-03-10,414.7232,85.6012,207.1091,183.3197,180.4674,115.2409,207.1534,167.9354,218.8318,169.2668,108.4528,162.2106
2000-03-17,404.7377,87.6619,204.0433,183.3766,176.7734,116.1745,206.2704,167.054,219.9471,168.9834,106.237,162.1271
2000-03-24,397.3986,87.0383,202.445,179.2068,174.4759,114.074,203.3112,165.671,212.6325,173.1536,107.4049,164.3091
2000-03-31,400.2244,84.0155,204.2597,177.786,171.0229,113.29,202.6825,168.6673,216.7769,170.7008,107.7939,158.7331
2000-04-07,402.4665,84.5461,208.4613,176.3196,171.1799,112.44,199.316,163.2749,215.9413,167.4616,107.8894,159.5093
2000-04-14,403.8344,82.9456,212.845,174.9717,167.8139,113.1789,196.3123,162.7198,209.5758,161.4353,104.0931,164.5082
2000-04-21,404.4975,82.7771,216.5425,178.17,162.2255,114.4005,200.5626,166.1846,211.6786,160.8723,102.3726,171.6989
2000-04-28,405.0888,83.5844,215.1493,178.0896,165.7754,115.1534,202.0203,167.765,207.5915,159.2636,98.974,167.2248
2000-05-05,411.665,85.7316,220.2403,175.7094,162.5923,113.8173,200.0821,171.4819,210.4141,155.5756,98.8319,176.1461
2000-05-12,393.3567,81.1382,219.2588,176.7818,160.1166,113.0677,197.6657,171.5267,212.7282,154.6253,97.1783,174.6147
2000-05-19,385.14,80.8899,215.7363,174.4131,155.5537,110.626,199.7903,166.6861,211.1962,151.521,96.7055,176.7648
2000-05-26,395.0192,80.6808,214.8792,170.863,156.7499,110.6667,200.0631,166.9803,218.6895,149.5788,95.8668,179.747
2000-06-02,404.0257,80.8949,218.331,175.4735,160.7438,110.1238,201.305,169.2036,216.4802,152.5708,96.6453,172.536
2000-06-09,403.6615,79.7462,217.9169,172.7453,158.1033,110.3847,192.4104,165.6259,214.4824,153.4753,99.8152,180.8161
2000-06-16,412.8147,77.7214,214.8177,175.2569,157.215,109.3338,189.65,169.4856,211.8277,156.6243,100.4074,185.6485
2000-06-23,399.377,76.4054,214.3235,169.574,155.6579,108.2471,184.6509,168.9281,206.7778,156.0732,99.8979,183.1937
2000-06-30,398.9683,76.3424,209.9693,170.0139,156.3363,106.6819,181.3257,164.8549,206.5444,151.6165,98.3367,194.1366
2000-07-07,394.6081,75.8014,206.7662,163.7148,156.3515,108.1185,179.1734,168.3952,208.5525,152.5017,96.1873,189.6644
2000-07-14,412.1136,76.0544,211.5501,161.8839,158.6414,106.5525,174.174,163.8571,208.9071,148.307,96.2621,188.9042
2000-07-21,388.063,78.1921,209.8166,163.4506,157.6333,104.9024,174.1343,167.8728,209.8236,149.5574,99.1617,188.6118
2000-07-28,386.3787,81.4445,206.8984,162.3341,156.6856,105.017,170.2657,165.3489,215.0183,151.4264,103.1541,198.5244
2000-08-04,384.8683,84.4577,204.0922,159.0203,154.1747,105.0084,170.3955,165.5429,214.3514,147.885,102.4333,200.4555
2000-08-11,377.1245,80.2877,200.7532,160.4412,149.4517,105.0378,174.5195,161.2616,213.9081,146.0979,101.6581,203.3751
2000-08-18,371.1,80.1685,198.4254,157.1097,146.7975,104.7518,170.5679,164.2229,211.3313,149.8418,103.2001,201.2631
2000-08-25,363.7686,79.463,200.3768,155.3163,146.7349,102.8771,173.1086,166.1612,217.6521,151.4478,105.8985,199.969
2000-09-01,372.9971,80.6247,205.6416,157.3348,146.3051,103.1091,170.3069,165.8439,214.8874,150.4607,103.621,196.4651
2000-09-08,360.491,82.131,209.6139,158.6351,144.6461,102.4261,168.7422,167.7619,218.6168,149.364,99.6754,194.5117
2000-09-15,362.3207,82.6046,206.0596,156.5791,147.639,100.8928,168.4303,165.052,215.8502,148.8852,100.952,190.2472
2000-09-22,365.5071,81.641,201.0077,154.2519,149.0895,99.946,167.2267,162.033,206.108,148.3586,101.2456,187.6875
2000-09-29,365.8762,84.2778,207.3376,156.3492,147.0696,100.802,166.0395,155.1174,210.9672,148.9999,102.7353,185.8787
2000-10-06,375.4187,83.8759,200.2063,151.5032,147.479,102.4469,161.9656,150.9309,213.8692,152.2908,104.1717,186.469
2000-10-13,370.9508,82.8019,193.4867,152.1363,148.1969,101.1376,157.9633,155.6411,211.211,150.3581,105.3889,183.5772
2000-10-20,363.1656,83.4532,191.3938,154.7334,147.8815,101.6669,157.0353,155.4333,207.8596,152.5386,107.3086,183.9254
2000-10-27,364.5341,81.6806,197.6091,152.0412,146.7474,101.3691,157.7875,156.2211,206.4414,156.1846,108.3296,184.2895
2000-11-03,381.4098,84.5412,193.54,148.4786,145.9162,101.0919,157.9759,157.33,205.1203,156.6225,109.3135,183.6384
2000-11-10,372.2485,83.5086,191.1776,149.0007,144.5104,100.8446,160.6165,159.4311,204.9611,154.5899,112.5786,185.2975
2000-11-17,356.2854,83.0359,196.7317,151.133,141.5357,101.6718,160.4737,159.857,205.218,157.4701,115.5625,189.0686
2000-11-24,358.1852,81.1513,195.1078,154.3024,142.3624,99.2746,161.8295,162.5556,207.7042,159.0137,117.1007,187.7786
2000-12-01,362.7957,81.8723,202.254,154.1749,142.0669,97.3928,161.7515,164.5167,212.1986,159.6532,114.77,185.7078
2000-12-08,356.2657,79.5575,196.7282,153.5471,139.8756,98.7071,161.1029,167.2601,215.7402,160.3666,113.7921,188.5025
2000-12-15,362.301,81.4756,192.9933,149.3827,138.6472,98.9075,160.7663,165.8161,216.1604,159.8539,112.5216,182.1769
2000-12-22,354.9271,82.0369,192.8342,148.3935,136.9602,96.8927,161.8158,163.1334,219.9181,158.7579,108.7164,183.6443
2000-12-29,360.4206,82.2245,193.399,148.8169,139.4818,97.9433,156.2911,161.2054,227.7936,159.8807,109.4654,181.328
2001-01-05,358.5195,84.2022,199.8612,147.5282,138.5388,95.2987,156.2411,159.6378,230.9507,159.2606,111.3584,188.5424
2001-01-12,346.944,88.2687,199.0401,149.9022,134.2248,93.8449,154.4843,155.9766,233.9371,150.7478,110.5538,182.3459
2001-01-19,344.9149,88.8442,198.7969,150.6113,134.7349,93.0113,152.5726,153.9559,230.0174,153.165,106.9506,183.8073
2001-01-26,360.0272,86.9417,197.7263,148.9402,133.1109,91.0247,153.4902,154.7635,229.618,152.8757,105.316,181.8826
2001-02-02,359.8231,88.4556,196.9022,152.2488,135.0291,92.314,152.8393,150.4049,225.5274,154.6852,103.1203,182.4105
2001-02-09,357.2137,90.4252,195.5486,151.057,132.3581,92.3526,155.3155,150.644,226.7191,152.8873,101.5439,190.1434
2001-02-16,355.2752,91.2731,188.2385,150.0635,132.8283,90.6541,155.8319,151.407,217.8218,155.6868,101.8496,193.8404
2001-02-23,364.4743,90.8106,181.3988,154.9506,133.8973,88.6944,148.8427,153.5478,214.689,152.8484,102.7273,194.3995
2001-03-02,373.4694,95.4909,181.7799,159.5147,132.2664,89.6013,146.0308,154.3354,217.6099,154.5565,104.4258,198.2921
2001-03-09,369.1289,94.4104,179.4032,157.7999,135.6763,90.4103,145.0831,156.1815,212.2556,151.6872,104.7833,205.6835
2001-03-16,374.3936,94.4657,177.5794,156.9468,128.9555,88.4115,147.1471,157.3634,214.5964,150.8717,104.5455,217.2062
2001-03-23,362.4947,93.8059,176.4525,160.0811,129.0371,88.9162,147.3154,159.3207,211.893,150.2308,101.2196,217.9452
2001-03-30,362.7475,96.3601,187.0887,162.368,129.4288,88.5707,144.4009,161.0062,210.1534,150.3823,103.2636,222.5408
2001-04-06,366.9344,94.9164,188.7121,165.1003,127.112,90.0923,144.2851,157.4602,215.9235,146.3249,105.1609,217.0724
2001-04-13,372.4129,94.0618,189.0944,165.7978,125.1114,92.2149,142.4342,159.2023,217.4625,149.8919,107.162,211.8665
2001-04-20,356.6635,93.5818,191.4757,166.0794,123.7412,94.4363,139.2859,158.5568,217.4195,148.5244,104.3719,215.4299
2001-04-27,358.9517,90.9405,196.3728,169.5836,123.8134,93.3753,136.1678,161.808,217.5325,150.3216,110.1009,218.2609
2001-05-04,369.2538,90.1667,192.8164,168.6056,125.5634,93.2065,138.3797,164.2922,218.9368,153.8134,111.6506,217.544
2001-05-11,367.9889,85.2418,197.8988,165.599,120.1245,92.108,137.8429,164.7925,215.5812,153.2067,113.4622,221.0108
2001-05-18,367.7809,84.4105,191.2238,167.2517,118.8966,94.396,137.5874,163.3652,216.0283,154.1141,118.0561,222.1771
2001-05-25,372.9647,81.7786,195.1089,168.8376,119.051,93.9025,139.2908,165.8124,221.2064,152.5702,117.6812,228.8425
2001-06-01,381.3698,80.411,203.9062,169.5407,118.8121,93.5161,138.84,170.0392,219.9281,153.7799,116.2069,225.8043
2001-06-08,388.985,79.0962,208.6985,169.9262,121.3248,95.1789,138.5184,174.1276,223.4127,154.9149,114.1474,223.3274
2001-06-15,388.2464,78.6063,221.376,172.2642,123.6656,98.0229,136.2671,173.6301,222.5098,158.4883,114.8275,224.6612
2001-06-22,388.3894,78.3347,221.9679,168.9612,124.1479,97.5959,138.6247,174.74,225.0403,157.2218,114.4149,224.0461
2001-06-29,396.9926,79.1146,225.0468,165.6971,123.4615,97.5527,136.8892,168.489,227.1892,152.8635,110.6129,228.2007
2001-07-06,398.5211,78.1998,221.4617,165.8758,125.0145,98.411,135.1334,167.4865,228.2168,153.8106,113.4588,224.1049
2001-07-13,391.5963,78.7231,220.578,163.635,126.1966,98.2674,134.2838,172.2027,224.7037,152.5207,117.215,221.8041
2001-07-20,382.0358,80.1435,218.4465,169.2662,128.0924,99.4283,133.8095,173.3211,223.9257,153.4618,119.4811,224.1494
2001-07-27,385.8095,79.3651,223.7039,168.1992,124.5435,100.774,133.7776,174.081,221.1001,155.0224,123.151,230.4693
2001-08-03,400.0103,80.4364,226.0562,173.1615,124.3769,99.9889,128.6877,177.582,221.5365,154.0697,125.1467,233.0833
2001-08-10,397.3623,81.9697,228.568,174.2266,122.8034,99.7776,128.3851,178.3277,225.6463,156.8971,125.085,232.853
2001-08-17,382.3117,82.4328,236.3019,175.0522,124.9743,99.9096,131.022,180.1984,227.7631,156.584,127.3456,231.9173
2001-08-24,383.8402,83.0729,231.2082,175.2275,125.029,100.1253,132.4702,179.6389,226.8043,158.4658,130.1112,228.0515
2001-08-31,382.58,85.3845,236.1054,174.3962,127.2469,102.527,134.0931,177.502,222.1214,158.7986,133.4297,228.2505
2001-09-07,391.847,87.8713,230.4001,170.6018,126.284,100.9582,133.784,180.8458,224.4952,162.1327,134.6116,233.4976
2001-09-14,401.5581,89.6476,230.9756,171.7446,128.1737,100.6801,135.4156,184.3921,228.354,161.6997,132.549,238.5817
2001-09-21,402.2257,90.8489,225.8103,170.1098,126.7678,100.6322,135.6406,185.6147,229.2315,163.1424,136.7585,245.23
2001-09-28,401.6132,92.9192,237.1469,173.0535,129.0411,103.7897,139.2929,189.236,228.2174,161.598,131.7149,240.454
2001-10-05,400.1556,94.2256,238.5759,174.9114,128.484,106.5245,137.8959,192.9997,222.8632,158.4303,137.5579,234.1737
2001-10-12,386.1278,94.7802,242.754,177.657,131.4507,104.5878,138.7043,194.3951,219.5116,157.6228,137.1274,235.8515
2001-10-19,393.1055,91.8994,244.677,175.54,127.6867,105.2797,141.9654,191.0004,224.3755,159.198,139.5154,248.5158
2001-10-26,385.7645,92.7447,256.8871,179.8064,125.9326,105.4949,144.318,198.5422,223.7245,156.525,142.029,246.718
2001-11-02,390.5285,93.4425,266.8996,180.0573,128.6565,104.485,145.2511,198.7446,226.9943,156.0646,147.2073,241.992
2001-11-09,414.6003,95.4706,261.2368,180.3738,128.5812,106.7731,147.4918,196.4102,227.1069,156.2396,145.9162,243.7826
2001-11-16,408.152,98.5517,275.0928,181.7013,131.4955,105.9096,147.1555,195.9696,227.2074,156.308,150.069,236.8959
2001-11-23,402.8827,100.1446,271.607,175.5624,130.3987,110.4277,147.9217,203.1854,225.2362,157.6332,149.0572,236.4592
2001-11-30,399.8778,98.2427,257.562,177.1336,132.7124,108.8432,146.4328,207.5946,231.0678,157.392,153.1924,240.8188
2001-12-07,401.1433,99.5325,257.2509,175.5128,132.1589,110.9411,146.9118,208.7706,233.7561,152.5599,154.4029,238.8657
2001-12-14,397.9821,104.3984,262.5145,172.3185,132.362,111.8548,149.7888,212.3662,233.5501,152.6471,157.9026,242.4411
2001-12-21,406.6812,104.7228,261.4984,175.9498,129.6876,113.7256,152.4936,209.7984,235.9856,156.0438,160.5565,237.0175
2001-12-28,413.5625,101.7278,273.8173,179.6328,132.0341,112.3723,151.0824,216.3623,242.1056,157.2763,156.6873,232.6862
2002-01-04,425.1715,100.5691,282.2741,184.0185,135.7474,109.441,153.0891,216.7882,243.5311,159.604,157.5221,237.68
2002-01-11,415.5979,101.7074,291.8175,185.65,136.079,112.3036,154.6307,227.0439,252.1594,161.9172,156.9266,244.2873
2002-01-18,415.2131,104.1314,309.6897,186.7728,134.5783,114.4676,154.0207,236.1879,257.3451,161.792,163.4808,234.6035
2002-01-25,406.4804,102.2624,305.6441,191.3029,133.1238,111.7873,157.7469,240.9433,262.9891,161.5249,168.5515,232.6695
2002-02-01,404.3899,102.3978,306.5501,196.4354,132.7397,113.8024,158.7869,241.4381,262.0372,163.5447,165.7626,236.2088
2002-02-08,409.7222,104.1761,296.5221,199.1529,131.6845,113.6789,160.0874,242.4275,258.0888,163.7184,173.0837,239.1999
2002-02-15,417.9433,104.0902,302.9407,198.0606,130.6745,115.2637,165.6017,241.2413,262.8011,166.9576,171.7349,234.2804
2002-02-22,437.0195,100.5591,298.6845,198.738,132.0492,115.4775,160.2297,241.5334,265.6832,164.6045,166.4132,239.2628
2002-03-01,422.5644,104.8379,317.1895,199.0853,133.8488,115.9837,166.1508,239.8113,268.1801,165.5858,168.4722,246.0801
2002-03-08,428.3696,110.124,308.9227,198.3874,134.8914,114.3193,165.0883,241.4349,272.841,162.6964,169.2098,246.1225
2002-03-15,439.6409,109.9806,289.9353,203.0838,132.9809,115.6354,165.8902,249.0859,270.9549,164.6875,172.2389,257.2798
2002-03-22,448.0933,111.6809,284.208,206.2539,133.905,113.833,166.5292,249.3955,265.9967,165.284,173.8271,264.2798
2002-03-29,461.8631,110.4665,298.2905,209.2666,132.1624,114.6347,166.0151,243.8002,265.1773,169.943,172.4674,258.4492
2002-04-05,477.4702,113.6955,303.8276,211.584,134.8108,118.7887,168.0729,244.3977,270.3644,171.5786,173.1998,265.1597
2002-04-12,489.26,113.294,294.42,213.287,136.3183,121.7133,171.2685,240.2268,272.2274,168.9768,172.9219,265.0393
2002-04-19,494.8757,114.119,295.5072,212.0555,135.7917,122.9862,172.2907,238.4968,268.7414,172.4998,179.9847,277.6946
2002-04-26,498.7349,117.5292,292.2842,211.6169,137.9675,121.942,176.3593,240.2756,271.7185,174.7832,175.6586,276.8144
2002-05-03,486.8552,118.3965,300.896,212.8569,137.7024,123.002,175.7856,240.5064,270.2075,178.7805,173.3705,279.6179
2002-05-10,487.4319,119.5477,305.2028,212.3425,136.6517,122.9702,177.2146,240.2645,273.5941,178.0583,174.0415,284.3002
2002-05-17,475.0407,117.261,299.7342,214.219,141.731,123.8183,179.5969,243.6385,275.8677,177.0408,177.5139,286.608
2002-05-24,476.8054,119.8273,304.2775,213.1764,141.7818,121.6257,174.5104,241.5691,281.0843,174.5171,172.9148,279.8805
2002-05-31,474.1234,122.2165,300.9966,213.9772,143.4846,119.4813,178.0768,248.1538,276.4837,178.4349,178.6767,279.5277
2002-06-07,476.1992,123.0965,299.5863,215.8023,146.8031,120.2699,175.7013,248.4923,278.5883,180.2567,176.7092,285.281
2002-06-14,478.2344,122.0657,301.3036,212.7131,147.9124,122.6821,177.776,248.7892,281.3719,178.284,176.4883,291.0497
2002-06-21,492.7955,125.0717,300.0064,216.263,147.6002,123.245,179.7944,252.5499,283.9115,182.5556,181.1968,290.2989
2002-06-28,494.0138,122.2867,291.4751,219.9644,147.3003,124.6246,185.832,255.7439,289.892,179.5423,180.4572,303.7436
2002-07-05,489.8488,125.3746,288.9312,222.7113,150.4602,122.5549,184.633,260.8102,289.4785,183.8452,176.842,306.6259
2002-07-12,488.935,118.9417,283.7867,223.8008,151.5357,122.9702,189.3757,258.1405,287.4144,185.5436,177.9321,319.3342
2002-07-19,493.5282,118.0606,288.7647,221.6497,151.4175,121.8269,188.2043,263.3325,288.5611,184.9971,176.5412,317.0661
2002-07-26,494.8189,118.7962,288.8489,220.1023,148.043,120.4534,184.3507,261.546,294.3076,185.1964,176.6975,312.9493
2002-08-02,489.256,119.2031,294.9841,217.9319,147.8842,120.6412,186.8334,273.9065,296.9928,186.4674,171.6439,315.19
2002-08-09,494.5208,117.8792,284.5436,218.6068,147.4032,121.6203,191.2523,261.2254,298.5723,188.8758,177.5093,315.832
2002-08-16,485.6084,112.4693,304.0628,219.904,148.1685,122.0342,189.7442,260.9201,304.2284,189.0673,175.0298,327.9862
2002-08-23,496.6668,110.4596,310.3147,215.7832,152.3827,122.8406,191.0832,264.0849,302.3664,189.2535,178.7807,325.6509
2002-08-30,520.2331,111.6408,317.6743,216.8096,157.0199,123.5471,194.8507,270.145,295.3848,184.2239,178.2373,323.9512
2002-09-06,536.053,109.0926,316.4707,217.2316,157.0082,123.8842,196.6155,258.5538,303.2861,187.4785,176.6725,327.9735
2002-09-13,529.2811,109.0892,306.9952,220.0007,157.1391,123.3175,198.4248,258.8232,295.6214,187.8798,177.0654,325.4463
2002-09-20,544.2692,109.1346,310.6307,222.0269,162.3557,120.6405,200.4505,259.3488,304.0952,187.7717,179.9905,320.3854
2002-09-27,535.6263,106.4033,327.5434,224.1964,164.908,119.7849,208.0843,259.1706,305.676,184.6606,180.6717,313.048
2002-10-04,541.1347,106.4907,336.0439,224.3291,166.6486,118.5938,208.8698,267.8972,311.1731,183.535,184.1338,296.1541
2002-10-11,542.7897,110.2668,335.1969,231.8728,164.7545,118.3561,209.5212,272.7825,314.2768,184.8571,179.7875,291.8361
2002-10-18,550.5889,109.4431,335.9381,224.4814,163.0708,121.6352,204.3634,267.6472,315.2074,184.5949,182.1832,288.2806
2002-10-25,549.456,108.3093,345.7965,227.699,164.6867,120.9195,208.8962,272.4599,309.6385,188.2368,179.171,288.8465
2002-11-01,545.1175,106.4541,359.0218,232.1494,166.9361,118.8646,213.2472,277.9956,306.6656,190.6684,182.0787,287.8733
2002-11-08,571.8577,107.6975,347.1398,233.5507,167.1154,115.9206,212.62,278.0012,308.6367,195.983,180.3532,303.2282
2002-11-15,558.8658,109.5018,359.2631,231.8215,172.4273,114.1398,215.6406,287.0824,305.6172,199.1545,189.7159,303.6542
2002-11-22,541.706,111.7673,360.1262,232.6708,168.7145,112.5064,212.6354,288.4163,305.0606,202.8985,189.9571,301.3168
2002-11-29,531.834,110.7916,346.0296,227.8938,164.5573,110.2827,209.6614,281.0303,311.3325,200.0245,189.605,311.6815
2002-12-06,560.2011,107.5146,335.7466,231.5236,161.5446,111.1641,211.3818,285.0659,326.2012,198.7198,191.9324,318.4828
2002-12-13,549.3786,107.3975,324.5274,237.2471,164.9987,110.8189,209.7825,284.9404,334.4554,198.8927,189.6517,317.1525
2002-12-20,549.7742,107.5004,320.1665,239.1359,166.6399,108.8774,205.118,282.0544,334.6084,200.707,194.8111,302.7106
2002-12-27,549.3109,111.9945,325.8264,240.4043,165.7957,106.0053,200.1609,284.6424,322.6746,200.9319,200.4445,304.7253
2003-01-03,548.688,110.8604,332.5464,245.4499,167.349,106.1261,204.9444,285.9404,318.1422,200.4561,202.5147,299.0207
2003-01-10,515.1864,113.3162,322.9653,244.8401,168.9306,104.9705,206.8409,276.8407,321.4755,198.0725,201.0741,292.6796
2003-01-17,520.841,113.5333,318.3741,244.819,163.3621,105.8474,201.64,279.2471,322.5541,194.3587,195.5574,292.6016
2003-01-24,519.3012,114.1842,329.388,246.3941,162.409,105.5302,200.3205,280.15,322.0881,195.8881,197.4393,290.5251
2003-01-31,506.1341,117.5102,321.0718,241.311,160.6965,104.1778,197.9443,288.45,328.7212,198.1758,193.5514,307.2312
2003-02-07,495.9883,117.49,333.6109,232.6045,158.3805,103.5633,196.5812,295.2218,326.3867,200.1272,188.3903,309.2713
2003-02-14,480.2865,119.3521,342.2569,232.9122,156.9472,101.3207,197.4005,292.1784,329.9287,200.2894,186.2647,308.5484
2003-02-21,496.3796,115.9636,352.1781,235.1464,159.0394,102.6347,193.5729,292.7207,322.2181,199.1184,190.7995,306.2043
2003-02-28,480.3706,112.6909,342.8584,233.4976,159.5442,102.0433,189.396,288.3471,317.0867,200.3678,190.4267,304.6386
2003-03-07,472.098,112.3101,347.0661,233.057,160.6541,99.3629,189.1971,280.0768,310.3419,204.7075,193.2525,296.2892
2003-03-14,486.9944,114.6278,351.8209,227.5968,162.143,97.9251,187.4685,277.6351,313.4768,200.3041,201.3716,300.3382
2003-03-21,490.2966,113.0773,362.0846,225.7707,158.0586,99.1732,186.0589,274.2123,320.4301,199.7374,200.4879,296.8219
2003-03-28,485.6056,111.2351,362.7846,234.0591,157.0709,99.984,182.6504,267.9974,318.2167,199.5238,194.6357,290.1196
2003-04-04,496.5092,108.587,354.3257,243.6916,154.6328,99.7321,182.5713,271.6047,306.7545,197.4792,199.5802,291.3686
2003-04-11,492.497,105.9101,369.9329,244.8639,150.5216,98.3328,184.5723,264.6538,312.3844,194.5149,201.0085,287.2312
2003-04-18,497.898,105.1205,365.5502,240.2769,151.3169,96.6949,187.2662,263.0893,308.1265,190.3388,198.2347,282.7661
2003-04-25,495.1443,105.4894,376.246,247.0761,148.0346,96.4173,192.1323,259.0558,310.9282,187.817,188.2106,279.1969
2003-05-02,484.4737,104.0285,363.5858,248.6617,147.6877,97.0407,188.7015,265.8848,312.7472,180.7024,193.1697,273.1025
2003-05-09,493.0992,100.7825,365.4136,242.7124,144.935,97.9476,188.1844,266.6687,309.9985,182.8294,194.0032,268.164
2003-05-16,477.7159,100.0188,363.0236,239.2344,142.0304,98.6091,185.0069,269.1364,302.742,182.7737,201.5931,253.5724
2003-05-23,473.4646,101.2056,367.4325,237.0299,141.6955,98.1025,188.9858,266.4225,301.194,182.8707,200.5803,247.4142
2003-05-30,495.9661,101.7736,359.5845,238.7597,143.1228,97.864,183.9793,266.5237,296.7378,179.6234,203.0008,238.4169
2003-06-06,493.0457,101.6941,349.1637,241.8402,141.2875,98.9132,184.9387,256.5703,305.1864,178.4187,201.9277,243.4082
2003-06-13,488.8419,100.7457,356.3749,247.0245,142.261,99.438,182.3811,247.3043,297.3724,173.4532,208.4997,245.4832
2003-06-20,479.3456,99.9627,353.1082,243.9601,141.7988,100.9238,183.4398,251.174,291.7536,177.3707,210.5941,243.0763
2003-06-27,470.888,102.9045,359.4013,244.9588,142.3537,100.39,180.2172,254.9505,281.8133,179.1701,202.9491,248.8257
2003-07-04,451.0154,101.3145,361.7692,245.042,138.1362,100.0273,177.9703,252.5221,274.8086,175.5513,202.8172,244.5356
2003-07-11,447.9959,101.043,355.7591,240.0947,133.5111,100.0476,174.6257,255.2997,274.0916,173.5876,204.3565,238.2988
2003-07-18,447.6005,100.1844,354.376,239.1921,128.6028,102.001,176.4991,253.8296,270.2666,171.5287,205.7492,236.9653
2003-07-25,436.8187,98.5947,349.935,243.3249,126.6435,102.7584,174.4797,255.0775,273.2935,171.8288,197.065,238.2731
2003-08-01,444.5432,97.1785,336.7724,240.7613,127.9698,102.6042,175.1743,258.9087,274.9804,169.8426,188.9753,239.2991
2003-08-08,451.8383,96.0405,330.4723,242.0647,130.1794,101.1581,175.2838,249.7763,268.7931,169.101,189.2498,239.9471
2003-08-15,446.4773,95.6107,323.1314,241.2593,127.1612,99.6567,174.578,245.786,266.1631,169.7973,186.3902,230.5319
2003-08-22,454.747,94.1397,314.7343,243.5607,128.2064,100.1062,171.5292,252.363,267.5871,169.1811,186.9213,234.6156
2003-08-29,450.9683,95.9981,310.4702,241.1658,124.8404,101.8782,165.7861,247.7633,258.9452,169.105,185.4845,229.6345
2003-09-05,443.5852,94.6641,311.3666,243.228,128.9718,102.7808,165.8066,247.3597,254.882,170.5265,187.5716,232.6134
2003-09-12,446.6728,99.7447,303.3429,243.8303,130.2722,103.445,164.7612,242.4704,253.8515,170.5204,182.9055,228.9479
2003-09-19,444.3397,94.868,298.0214,240.6923,129.5959,103.3015,165.9342,242.6572,256.4099,171.5057,178.5864,222.7104
2003-09-26,436.9443,95.5955,294.3645,240.0381,128.9477,103.2536,165.7944,246.3814,259.4919,172.7448,179.5001,227.7189
2003-10-03,443.3836,92.848,291.1031,235.2407,130.7512,103.5988,163.9163,244.8152,262.2993,172.8359,177.0984,225.4446
2003-10-10,428.5781,93.655,292.5435,237.8796,130.7832,102.7891,160.6893,243.8321,256.4216,170.0973,174.0029,219.2964
2003-10-17,431.5952,92.351,283.0397,235.4974,130.433,101.5629,158.1476,245.0097,249.1364,168.9587,171.5088,226.1717
2003-10-24,411.7262,95.5061,280.7023,237.2357,129.7585,104.1429,155.5826,240.8212,248.3342,167.9704,169.2492,221.2213
2003-10-31,414.0818,92.4431,271.6342,239.9205,125.875,105.7023,157.7448,239.8577,248.4494,166.3039,171.1109,225.1258
2003-11-07,402.0934,92.1858,265.0253,239.6539,125.4263,105.5506,157.4785,238.7933,255.0773,165.2625,170.1624,222.1399
2003-11-14,396.0616,88.2311,270.6822,238.4225,125.1318,104.8123,156.8978,244.3239,256.4099,167.2965,169.522,220.1869
2003-11-21,377.7413,89.1871,262.0202,235.8008,127.0732,102.7522,155.566,242.9032,262.166,165.4399,165.1656,218.8967
2003-11-28,382.0744,88.9258,254.3648,239.644,127.2827,101.0895,151.663,241.8319,266.7768,168.2681,171.18,222.6912
2003-12-05,374.0297,85.7949,252.7728,238.4705,124.1575,98.978,152.0523,241.5231,260.3135,164.8405,165.4376,218.1148
2003-12-12,374.1191,85.8632,254.3521,235.3565,122.9482,97.5567,144.3983,243.0669,258.1959,163.5268,161.6112,211.4496
2003-12-19,362.9936,88.1269,252.7137,230.9206,121.5765,96.628,139.292,239.6831,259.0184,167.6781,158.1644,204.7029
2003-12-26,357.9183,86.9881,251.8942,227.7645,120.5628,93.3109,136.3501,241.3869,262.5945,166.5656,159.0599,208.8599
2004-01-02,346.0926,89.3416,250.513,228.7852,119.7983,91.96,137.7336,238.6169,262.5547,168.1431,157.3586,203.311
2004-01-09,344.1356,91.4431,243.3362,237.7763,117.9562,91.6784,138.9657,235.0163,257.3092,167.7242,155.3529,204.6066
2004-01-16,330.7182,88.1806,237.9894,240.0176,118.9786,90.888,137.5594,234.9486,247.2952,168.8487,152.9693,201.1882
2004-01-23,329.7322,84.0228,233.4556,239.316,118.6368,93.1297,136.5762,233.531,248.4119,168.0728,154.2457,201.7659
2004-01-30,323.818,82.6983,233.2104,236.7964,117.5385,95.3551,138.2933,226.5809,243.5493,162.887,156.2913,198.5776
2004-02-06,313.4324,82.1874,232.4964,227.3114,115.0243,94.9864,130.8566,228.3688,248.6428,163.9479,155.6512,191.455
2004-02-13,304.0643,80.1235,235.3114,232.0412,114.5153,94.1041,127.4728,228.4438,234.9081,160.579,147.2908,194.0511
2004-02-20,307.0665,81.1801,229.0701,231.5991,111.245,93.5389,129.1845,225.2568,229.2418,156.5694,147.6365,193.5736
2004-02-27,308.6024,81.8726,218.4096,228.3801,111.6591,93.4199,131.4351,225.1269,231.7728,154.7658,147.8125,197.4096
2004-03-05,298.3901,81.3413,209.7097,223.2584,106.0792,94.4447,125.0504,225.1728,231.2697,157.2685,145.6274,197.2988
2004-03-12,309.382,80.5227,203.1229,221.4875,104.6534,96.3216,125.6908,226.5657,235.0202,155.8056,145.3905,198.055
2004-03-19,313.88,83.8648,196.9829,227.5806,106.7083,94.9756,128.7813,228.1334,236.6115,153.0352,140.8712,198.5755
2004-03-26,300.2214,84.3886,203.2014,225.3883,108.2012,95.7543,128.6025,224.3939,229.5614,154.321,136.7382,197.4635
2004-04-02,299.6485,84.6557,201.3356,229.0857,105.8896,95.0842,129.3089,225.2221,223.1948,152.3871,133.3401,198.0256
2004-04-09,304.6855,86.9032,194.7816,229.8127,107.1425,94.9572,130.2313,225.5619,223.9937,152.8974,134.2682,202.3157
2004-04-16,292.1384,86.9204,194.258,223.4319,105.9912,94.8624,131.9945,223.6546,225.7648,150.7037,133.0902,202.7487
2004-04-23,284.9511,86.4157,191.9144,222.7793,102.8017,92.7957,131.4486,227.5396,225.7596,152.2552,135.314,202.6534
2004-04-30,283.3473,86.3405,191.3991,228.8207,104.0558,91.6549,127.994,230.0178,219.6584,155.2299,130.9199,209.0879
2004-05-07,278.765,87.6162,187.0223,228.3648,101.5373,92.331,128.7817,230.1989,220.7113,153.3674,130.1666,207.8932
2004-05-14,267.4749,86.1478,192.5743,231.8989,104.1581,93.6437,128.2745,230.0987,216.976,153.3659,130.9731,207.0353
2004-05-21,265.6197,86.8948,191.6505,238.4329,100.5997,93.7649,129.4213,232.7969,213.2185,152.3662,127.761,198.837
2004-05-28,265.2201,87.4863,189.6833,243.4718,100.2625,94.2127,128.9511,226.1761,210.7942,153.2519,125.8531,208.4538
2004-06-04,272.2326,85.1144,188.3553,243.909,100.8162,95.4686,130.6528,223.6492,206.295,151.0282,127.5756,210.3213
2004-06-11,272.9308,86.3244,194.2109,246.6632,102.2608,94.1556,128.6986,229.2692,206.0206,150.8956,129.1459,206.3558
2004-06-18,274.2571,90.6933,191.1091,244.4085,103.049,92.3506,128.3325,223.0909,205.4871,148.4446,129.8764,206.5517
2004-06-25,275.0912,91.4775,184.2321,246.4973,104.9907,92.4518,130.5761,220.0433,205.852,146.4129,129.2104,202.5853
2004-07-02,272.4454,92.7908,184.7276,253.3284,106.7923,94.2946,131.2544,226.6158,204.177,146.6936,128.2943,199.1052
2004-07-09,270.1483,93.0315,183.4988,259.2017,109.1597,92.8356,133.3712,223.7877,201.5874,151.1165,126.9951,203.0184
2004-07-16,266.731,92.4226,181.9373,256.6203,111.8622,93.1991,136.4984,223.7015,199.6327,155.1832,124.0584,198.3679
2004-07-23,277.1894,88.3084,181.1609,257.0096,114.3251,93.1202,136.3281,226.0804,195.6819,159.1447,121.9814,203.0691
2004-07-30,277.1367,91.4202,179.9929,259.0549,111.8383,93.0593,135.7562,218.2906,196.437,156.1584,123.8662,205.2108
2004-08-06,292.8203,89.4339,174.6757,258.9579,113.345,91.7038,136.3777,212.1753,197.7092,155.8635,125.475,209.066
2004-08-13,283.152,85.8443,176.1043,263.9473,116.3144,91.1235,135.8733,214.7912,200.5427,158.1335,127.2663,211.2114
2004-08-20,280.6653,86.2314,180.2746,269.779,115.5539,92.8296,134.6584,217.2297,197.2972,161.4588,124.1853,210.9952
2004-08-27,273.0801,86.9896,176.8066,268.8232,115.3013,94.1692,133.563,222.6739,195.9311,161.8227,127.2649,215.752
2004-09-03,259.686,86.7818,178.6257,268.9908,116.1413,91.9178,133.4262,227.6424,193.7212,167.7015,128.1417,219.6236
2004-09-10,251.6674,88.5779,171.0264,272.7734,117.5322,92.4314,133.1477,229.2772,197.4585,166.6907,124.1392,217.5717
2004-09-17,260.8479,88.295,176.2644,261.7626,117.1162,91.531,136.546,225.3791,195.3731,170.9802,123.2184,218.6555
2004-09-24,261.8636,90.4122,172.5617,267.8914,116.8842,90.7624,139.2344,227.4812,197.1871,174.9249,127.3845,226.7898
2004-10-01,250.5612,89.8209,174.7738,266.6452,118.4941,92.8975,139.4487,227.3754,203.1346,174.4154,133.1974,229.754
2004-10-08,251.5533,87.6714,172.4074,263.4036,118.1103,95.8267,139.4666,220.5446,208.6025,174.3196,133.7774,221.0006
2004-10-15,253.1965,87.1239,175.8966,267.8822,119.5275,94.1246,138.8365,222.141,210.2097,171.5806,126.7452,222.3307
2004-10-22,252.4097,91.231,174.4207,269.1012,121.8977,95.9436,136.3822,218.3998,209.7294,167.3322,129.3162,225.474
2004-10-29,257.9121,87.6464,167.1798,268.5232,125.2794,96.6441,133.9545,221.2675,210.8692,168.6027,127.0481,225.2521
2004-11-05,263.7964,88.3889,165.0602,267.0297,126.8957,98.5601,130.2202,217.0233,208.4906,172.1686,129.3514,218.3017
2004-11-12,264.9611,88.888,166.5691,269.6085,127.0584,97.9919,130.0901,219.3759,214.8606,170.8729,127.8029,218.9025
2004-11-19,266.2526,84.6348,158.728,268.4463,128.6842,96.5586,133.8493,214.3396,212.1759,174.7497,130.2117,225.1589
2004-11-26,275.8248,88.5064,156.0175,263.8218,128.3247,95.5484,135.6044,212.0439,218.8496,174.4489,130.9841,216.3716
2004-12-03,270.5437,90.2235,150.2553,267.4511,132.6711,94.9033,137.0789,216.4177,218.7645,171.257,134.3827,213.9281
2004-12-10,268.8784,93.5268,148.6115,267.1486,130.5011,98.3948,138.3838,217.9811,221.4988,173.4565,128.359,218.281
2004-12-17,269.5757,91.4006,148.9222,267.0807,133.1258,99.9489,141.0945,212.8826,228.9525,175.4686,129.0331,224.9349
2004-12-24,264.5317,89.9025,148.4393,262.4237,137.7415,101.5962,141.5934,216.8301,229.8134,174.7551,125.4464,231.5207
2004-12-31,267.013,91.047,150.8569,262.1121,138.041,103.6304,137.8114,227.1723,228.8802,180.1906,121.8303,233.9156
2005-01-07,273.8221,93.5341,151.0996,264.9023,139.6545,104.3291,135.1147,227.6042,225.3833,174.338,122.4721,228.9685
2005-01-14,280.1916,93.7284,141.2055,269.8762,135.4812,105.2968,139.2028,227.8833,234.0331,175.2012,120.498,234.6528
2005-01-21,283.6139,90.1848,146.0935,277.763,142.0657,104.3603,137.7981,232.7103,234.3714,178.4236,122.3582,234.7672
2005-01-28,289.391,96.5218,150.203,281.6155,142.8614,106.01,140.3905,230.2096,232.1427,180.4434,115.8012,243.8229
2005-02-04,300.2369,94.0276,151.0397,283.4883,144.642,103.9698,142.2007,233.5487,233.8919,178.0372,117.7536,244.2419
2005-02-11,295.9251,92.9541,157.8591,288.5693,147.2986,104.642,139.1466,238.7726,236.6756,180.9499,112.6738,249.024
2005-02-18,293.9978,94.8803,161.8894,284.5944,145.8763,105.4052,139.3673,242.8808,242.8934,187.2077,114.8731,255.814
2005-02-25,301.8303,95.4365,160.3136,283.0359,147.9004,106.9587,140.0449,251.354,245.5801,190.5415,112.535,257.6284
2005-03-04,301.6224,95.9792,160.0623,276.367,150.3296,105.9658,138.0093,248.699,251.8564,191.4946,115.2368,261.8739
2005-03-11,309.1755,97.3607,159.3064,285.8644,151.5301,105.9068,141.2978,247.2046,255.4867,191.521,115.4607,256.8845
2005-03-18,300.3806,98.575,155.5877,285.0657,149.1421,104.4356,145.0171,243.3054,262.01,188.5319,120.8059,256.5515
2005-03-25,294.1662,101.6673,151.1064,292.5767,146.935,104.4147,144.6315,245.8232,266.1611,184.4209,124.4018,265.8482
2005-04-01,301.4853,102.2817,153.7618,289.9215,145.2123,105.7956,144.4316,244.7997,265.2393,186.7611,128.5845,269.6875
2005-04-08,298.6171,99.5904,161.798,300.3322,150.5631,103.7663,146.3283,243.433,260.3443,185.1625,126.4179,274.2651
2005-04-15,311.0027,100.4886,163.0408,293.5278,151.4456,101.7803,145.7006,243.5594,261.9211,186.7851,123.3832,282.7826
2005-04-22,309.8406,100.8613,165.8509,306.0816,149.4522,101.6477,146.9368,241.4452,264.3555,187.8577,120.8447,278.9182
2005-04-29,311.4172,101.8598,167.748,303.4853,150.4912,98.6337,147.8598,240.8383,265.2762,187.3442,121.1455,272.612
2005-05-06,331.3329,101.4659,165.9389,308.4642,151.6048,99.0432,148.4888,241.1678,262.3024,193.1552,122.219,282.6778
2005-05-13,322.0696,107.2501,164.2706,302.6729,150.496,97.3521,150.4544,243.6008,263.5269,196.7198,122.1448,278.291
2005-05-20,319.9917,102.4821,169.191,310.169,148.7576,95.9682,153.6986,242.623,262.4342,193.6087,118.6768,280.2724
2005-05-27,317.7191,103.1702,174.7396,307.0052,151.0909,95.8512,151.4967,245.7137,266.2145,193.9814,121.8316,267.3666
2005-06-03,317.7232,102.2627,172.0998,310.343,151.4614,97.3846,154.4618,243.3918,269.8962,188.5886,124.0922,275.2262
2005-06-10,336.3362,102.6098,170.0013,315.7083,152.084,99.7594,159.6282,247.0279,271.2159,191.8976,123.4664,283.2847
2005-06-17,338.9776,98.7367,171.7908,320.4603,150.0352,100.6016,159.6341,249.9327,269.8514,192.2791,127.8523,280.9644
2005-06-24,356.1767,100.6689,172.7355,319.8551,150.2319,102.0916,161.183,246.2583,272.3032,196.727,125.039,285.9718
2005-07-01,373.9577,102.1616,170.2484,322.6832,149.1802,102.6099,164.0375,250.7737,263.9999,190.9933,125.691,294.9345
2005-07-08,382.7578,101.8074,175.3007,317.7515,153.1261,101.0623,168.2346,246.6839,262.9961,190.6656,123.2487,297.5896
2005-07-15,391.9261,102.7022,170.3218,311.0452,152.5763,101.9634,171.2569,240.0882,263.8767,193.8611,119.2133,301.3367
2005-07-22,392.6361,100.5582,161.9283,311.8963,156.6601,103.7782,174.4335,237.206,261.7374,201.9023,116.7904,312.9302
2005-07-29,409.0476,99.338,162.417,313.3313,157.2596,103.5962,176.0313,238.2353,260.7582,205.8026,122.6753,310.0934
2005-08-05,404.8257,99.3753,163.6475,315.4698,158.426,103.2788,175.691,235.4945,254.0515,201.8996,121.029,310.3676
2005-08-12,413.4454,99.2738,155.2032,328.1351,158.4092,104.4346,172.8041,230.9628,257.8616,201.8766,117.7732,312.8298
2005-08-19,427.185,98.3128,161.4039,320.8236,160.6057,105.5578,179.672,229.902,265.1406,203.774,114.2749,311.7877
2005-08-26,430.1929,96.7724,163.6131,324.4422,158.8888,104.4753,179.0965,228.3938,274.3697,199.1461,111.233,307.7655
2005-09-02,421.8197,96.3345,167.3786,322.5066,155.3975,107.953,177.0074,238.9371,276.0296,201.9312,107.0928,310.9569
2005-09-09,431.4636,96.9362,166.1889,318.6161,155.8925,109.6312,178.0281,240.9665,268.4134,200.3775,106.004,316.1898
2005-09-16,428.083,102.6451,165.5,319.6783,159.1735,109.9146,178.9923,246.7227,269.399,206.8884,106.0689,307.9589
2005-09-23,421.9193,102.6331,163.9798,319.237,159.2103,111.6434,186.512,249.4762,272.5647,197.4695,105.5436,308.4368
2005-09-30,412.5398,101.8891,161.8933,325.2563,159.6935,113.4444,185.8154,246.3118,271.3542,200.6948,109.2735,309.6147
2005-10-07,397.0102,102.2906,162.352,328.122,161.0691,112.6234,186.6183,245.4679,274.3617,200.8013,107.3464,317.0806
2005-10-14,391.53,99.5098,160.0987,329.3242,163.8371,113.0316,189.7158,248.747,272.3179,198.4672,107.4893,331.2932
2005-10-21,376.231,97.0094,155.8066,334.5843,162.782,114.3648,188.3213,255.6466,273.0171,190.5267,109.499,335.6996
2005-10-28,385.2251,96.3659,152.5149,335.8844,161.4111,112.6069,191.0695,255.0904,271.2381,188.5314,107.9617,341.297
2005-11-04,380.327,94.8465,149.689,332.6252,163.9767,115.0072,191.1162,259.0306,273.0848,186.1015,104.1705,343.2582
2005-11-11,401.0523,94.2867,151.3514,332.0738,164.2269,115.4705,187.7173,255.2557,275.5973,185.1946,104.4682,349.6338
2005-11-18,397.6874,92.7226,149.8915,321.3217,164.4778,113.2289,189.3747,258.1876,278.1168,184.0047,105.2598,358.3195
2005-11-25,394.0351,95.5574,148.2166,309.3118,165.3318,114.241,194.7849,262.7104,283.5007,184.2012,108.1206,353.526
2005-12-02,395.8577,99.3771,140.2909,310.8115,167.3717,114.5043,193.7533,261.1543,287.9533,180.6803,109.3341,365.0111
2005-12-09,386.8784,101.0789,143.8376,308.163,170.2096,117.1802,191.8826,256.7702,286.5552,184.2447,109.1059,365.2947
2005-12-16,387.1399,104.0676,142.6845,307.6228,167.2494,116.057,194.9393,254.2279,287.9139,189.982,109.9168,368.5995
2005-12-23,376.6688,103.249,140.8539,310.206,167.8226,115.9643,193.4069,254.5595,292.2301,190.0789,116.292,363.5233
2005-12-30,379.7613,103.8287,144.4434,309.4223,167.7017,115.5784,194.8104,251.1231,287.5244,191.7442,114.2179,362.6012
2006-01-06,393.1535,106.5877,149.3821,305.0895,164.7015,114.6198,197.7795,249.6401,293.9688,185.2623,115.7527,364.6703
2006-01-13,409.1487,106.3835,141.9064,306.7858,165.2078,117.0886,191.4852,255.4725,296.0466,186.9474,113.2468,368.8883
2006-01-20,404.4827,108.2946,139.5499,302.581,168.396,121.1305,197.6043,256.9161,295.8579,186.1931,122.2789,369.1314
2006-01-27,413.864,108.5012,144.6675,299.7592,165.8148,118.3564,193.4572,259.3616,299.8251,186.1767,124.0774,358.719
2006-02-03,411.9501,112.5408,150.7002,300.0514,168.6152,120.4326,193.5657,258.6786,294.9443,189.5842,124.5312,358.0584
2006-02-10,431.4702,114.0461,151.5007,298.702,166.5894,117.709,193.51,256.9787,290.1677,189.5286,127.3165,355.3763
2006-02-17,406.9413,116.0765,155.2228,298.5775,165.4539,115.7016,190.9001,256.5396,294.8157,188.0649,124.4197,365.8268
2006-02-24,412.2525,119.9694,156.7614,300.0642,166.7741,112.7728,190.3931,253.8247,294.9679,193.6363,120.4213,361.2178
2006-03-03,414.7625,119.6231,155.4083,300.1163,161.3238,112.5857,189.037,261.3392,294.6986,188.8816,119.8857,376.9774
2006-03-10,423.4457,121.9842,153.0856,295.7775,159.9642,112.6063,191.5581,254.7777,296.93,187.9096,117.1829,370.9865
2006-03-17,414.1892,119.0702,159.697,296.4241,154.1594,111.1079,186.1203,255.3188,291.5127,193.4039,112.152,360.7217
2006-03-24,410.3667,116.8934,151.9632,295.542,154.8605,112.9902,185.1627,249.6955,291.8317,196.1947,118.3718,363.905
2006-03-31,416.1759,118.3727,154.8434,300.5509,159.9081,112.4818,187.9658,250.4154,291.615,194.3622,117.0012,362.0203
2006-04-07,426.7549,114.8287,156.3448,300.1616,159.9048,112.5708,190.5476,252.9192,288.4394,195.5932,119.4518,352.6715
2006-04-14,422.168,108.1813,159.229,299.9642,156.6519,110.0076,190.6967,251.5817,282.4685,191.4559,116.8424,363.454
2006-04-21,415.6902,104.9843,155.5769,303.9171,156.9578,112.363,187.3833,249.0034,281.136,196.0538,117.5392,365.71
2006-04-28,411.8962,102.8901,154.1806,297.6301,152.8707,112.0982,184.5905,251.7779,280.5147,198.4567,124.7243,350.6978
2006-05-05,405.4132,100.2033,145.7878,302.7783,154.6619,106.9967,180.2523,252.9734,277.5896,205.3207,124.9839,357.2234
2006-05-12,398.5899,98.6329,136.9765,308.1449,155.9237,109.2837,175.0232,257.2862,269.6865,200.0369,123.4472,371.0059
2006-05-19,404.2113,95.2561,135.5247,310.8601,151.7129,109.6531,173.0447,259.285,273.6206,200.2711,119.4587,368.6815
2006-05-26,390.089,95.9581,131.5423,311.0807,149.282,108.6518,173.8538,264.2199,268.309,200.3505,114.4773,364.6904
2006-06-02,383.7315,93.64,134.753,310.7016,149.5593,108.54,176.37,269.1832,261.5262,199.222,121.2542,368.7685
2006-06-09,382.3778,96.3701,131.5257,309.5078,147.9362,107.8068,173.7399,270.7087,258.8003,198.4621,120.534,376.037
2006-06-16,385.2472,97.7784,133.1388,301.8975,150.4568,109.6808,173.4987,275.4488,263.3869,196.924,119.698,379.3137
2006-06-23,389.5673,96.3151,132.1625,305.5453,151.5361,109.1233,173.3427,272.166,260.3668,192.6664,118.6361,370.9259
2006-06-30,390.8496,96.2008,129.5144,303.3947,149.6409,109.9726,172.9407,272.7357,265.2914,196.8875,115.6615,372.7838
2006-07-07,387.4118,97.7525,130.4006,293.7758,150.6492,109.263,171.2738,269.7639,265.6521,193.1242,113.0793,362.4301
2006-07-14,401.2558,99.3748,129.7573,288.6956,151.7421,108.6993,171.4109,260.9073,261.5108,191.7495,114.2483,366.0146
2006-07-21,394.8752,101.3872,128.0093,284.0524,152.6134,104.8602,172.4637,266.6582,261.243,188.0196,116.4523,363.4704
2006-07-28,392.4162,103.9306,128.4495,275.6924,150.9408,106.6552,168.4101,261.5825,262.0329,184.4766,112.0992,349.3329
2006-08-04,391.6533,106.9845,126.6155,275.2325,147.5054,104.1772,168.6752,256.1408,261.7928,186.9233,110.9039,344.6545
2006-08-11,393.2163,108.2959,127.5388,272.9731,147.2237,103.1167,161.1609,259.3649,257.5622,190.1523,109.0434,337.1542
2006-08-18,391.2416,113.3988,125.8008,272.002,150.2112,99.4289,158.3239,256.6218,247.4626,190.6261,110.3462,330.3208
2006-08-25,403.732,115.4893,124.7068,264.0296,149.0049,100.3472,159.7564,263.641,248.3508,182.0839,112.9409,328.0346
2006-09-01,392.245,115.7449,118.9548,260.4168,152.2232,97.9104,160.2898,263.5047,248.8511,184.4831,110.6104,327.0084
2006-09-08,374.2564,110.7016,120.9145,265.1549,148.095,94.3601,161.4404,254.3255,250.564,181.4259,116.6039,333.2117
2006-09-15,376.1842,110.7495,123.6884,253.7268,145.2689,95.9413,157.4365,251.1354,249.3981,185.359,118.095,325.3515
2006-09-22,379.3391,110.6186,121.6974,252.7088,144.0162,97.4075,159.0447,250.6188,249.0063,187.6817,121.9349,323.2549
2006-09-29,367.8623,106.1771,118.8568,253.2849,140.7433,100.2579,156.4018,249.2915,249.4548,188.045,123.0466,319.0655
2006-10-06,371.5752,109.6221,114.4639,250.6971,141.226,100.1503,161.6127,246.9548,243.9529,186.6199,118.3295,316.5326
2006-10-13,369.1299,112.6547,115.2173,251.8712,139.5858,103.0665,160.8958,241.4664,248.0332,183.3954,117.344,307.5788
2006-10-20,356.781,116.0156,114.5987,253.0947,139.6459,106.4,160.2758,237.8118,248.0312,183.8551,117.2734,316.0179
2006-10-27,363.5417,117.9983,114.5966,252.5571,137.4927,108.0567,162.8679,241.0838,243.1412,181.1659,116.3276,319.5038
2006-11-03,366.7839,119.9777,118.2292,249.8962,133.75,106.4297,161.9626,238.5243,236.1256,177.6311,110.5665,324.3626
2006-11-10,348.3062,119.7781,119.842,248.4421,134.1084,106.3379,158.2889,238.717,230.2297,174.4413,110.0384,323.4518
2006-11-17,343.3465,118.6808,116.0832,249.6832,130.7242,106.0951,155.5664,242.2602,228.3533,171.6855,107.5301,324.0119
2006-11-24,345.5811,117.4909,112.2156,247.1034,130.7343,105.7977,150.7798,240.7726,225.7606,166.8395,106.4308,325.0282
2006-12-01,350.8551,114.5523,112.3909,247.976,130.3196,104.7807,149.2257,234.1021,228.0152,160.8585,105.4471,325.0518
2006-12-08,347.8141,115.6494,109.4753,258.1866,126.1682,105.686,150.2936,235.8602,224.1297,161.3252,107.1937,328.0001
2006-12-15,342.4211,117.0007,109.1771,258.1064,126.9478,105.2079,147.4274,229.7047,222.0583,159.2221,111.4094,321.2217
2006-12-22,346.5022,115.9539,111.5529,252.4819,127.0723,104.164,147.2923,227.9845,227.0364,162.532,111.3988,316.042
2006-12-29,345.9137,118.8192,110.8157,252.8431,129.7944,105.5823,142.5628,220.051,227.3008,162.3595,110.1225,301.1066
2007-01-05,357.2364,114.6482,111.0265,248.3521,129.7111,105.1098,139.6731,223.3351,227.5702,156.5255,112.5403,291.1126
2007-01-12,354.9959,116.0371,106.9212,241.0789,129.6448,104.581,139.3569,231.5444,224.1817,157.5555,109.7226,301.6742
2007-01-19,355.4087,114.4972,103.0699,246.0451,133.5797,101.6616,135.3387,222.5949,221.0827,160.2752,106.6551,300.2351
2007-01-26,346.2994,113.4198,105.8547,249.4967,136.5435,100.2809,130.8132,228.332,208.9288,158.3308,106.7085,288.5159
2007-02-02,360.8999,115.6127,105.8803,242.8621,138.7247,101.3801,129.4592,225.8557,205.7983,153.8336,106.0799,288.1162
2007-02-09,356.196,121.8341,103.1443,246.6464,141.8808,100.8032,129.6271,220.0194,203.6211,156.3139,108.2659,291.146
2007-02-16,361.2831,124.8049,102.8077,242.4318,136.4556,100.8159,127.2932,222.4731,202.983,156.5568,109.6689,296.112
2007-02-23,367.2356,126.3414,100.3408,248.7127,134.9057,103.7246,127.6299,215.6876,204.0631,154.4413,109.1167,297.6706
2007-03-02,352.1248,123.0057,102.6059,242.8299,135.1118,105.602,126.7094,207.5663,205.8904,152.1242,108.9817,297.0893
2007-03-09,357.9941,121.6015,102.1638,244.5458,132.8498,105.9944,127.0904,215.0742,204.015,151.6889,109.5958,297.0329
2007-03-16,366.5055,124.8132,102.7956,251.4543,130.2117,105.8458,127.6095,214.8127,197.5005,149.7652,110.9666,290.464
2007-03-23,357.4366,127.079,97.3568,251.3891,127.9027,100.1405,129.0101,221.8695,199.1673,149.4571,112.7908,285.604
2007-03-30,354.2932,123.8741,96.1097,255.9197,129.0486,101.5696,126.1504,220.9862,196.9349,145.5785,116.3843,284.2947
2007-04-06,345.3477,128.4288,98.2546,259.3213,131.9176,100.3715,123.4462,225.2944,193.0749,143.4117,118.0352,278.0984
2007-04-13,333.6315,125.0577,96.5902,262.5567,134.4328,99.7359,124.3111,228.1327,190.6457,139.6309,116.949,278.0849
2007-04-20,336.2624,127.5178,95.1912,257.964,132.4616,98.9174,120.042,229.5075,193.0152,144.0125,123.4747,278.8861
2007-04-27,341.0215,128.2472,95.1177,256.5757,133.223,99.1478,122.3724,235.8582,199.1004,143.1062,128.2501,291.6887
2007-05-04,340.8346,129.7397,92.9445,257.0254,133.857,99.8623,123.0409,229.2762,201.4396,145.7705,125.0566,286.5777
2007-05-11,347.6061,129.2429,92.2064,249.7651,133.3737,100.2573,123.5361,231.0567,201.5748,143.8902,124.7513,287.7203
2007-05-18,342.7189,128.6832,91.7042,255.207,132.5802,98.0557,126.0837,237.1017,197.4574,142.748,128.3943,281.452
2007-05-25,354.5504,128.6882,94.8725,259.733,129.9296,98.6045,129.0469,238.0775,196.9207,136.4331,128.9664,282.4268
2007-06-01,355.0794,131.6535,93.1151,257.2546,130.9575,99.3392,128.2399,236.1145,196.3691,137.2811,130.6709,289.6492
2007-06-08,355.8588,130.2297,90.1101,258.0727,132.1715,100.5357,128.1821,230.114,199.5402,137.438,127.7033,297.1607
2007-06-15,364.3523,127.9124,89.676,259.1561,132.1407,99.3971,127.9075,225.0092,199.7375,141.0245,134.3744,304.3111
2007-06-22,386.7819,123.9092,90.8652,253.3084,135.7461,100.4673,131.8853,231.2495,194.1649,141.0235,136.0106,302.3765
2007-06-29,392.4018,124.0367,89.1115,248.8794,139.0297,102.6355,134.9528,231.6636,198.1632,141.252,138.0347,299.3436
2007-07-06,387.2324,115.9918,90.0364,249.3829,138.9966,100.0877,130.8248,223.508,193.2931,142.1464,139.1831,294.1169
2007-07-13,376.4854,113.2447,87.9121,252.5445,136.0557,99.7293,130.5121,223.553,196.3444,139.7863,140.7186,301.7871
2007-07-20,368.3928,113.1554,88.8606,249.4019,139.0716,97.6642,131.7205,225.938,200.9846,138.4185,141.2056,307.0255
2007-07-27,377.9207,114.9518,85.7235,247.8037,142.5162,98.8226,130.0679,230.9221,196.8047,137.4281,146.6723,308.0062
2007-08-03,385.1461,115.9005,84.0237,245.1079,144.4494,102.1677,129.6693,234.7816,194.5188,136.6565,142.6462,299.8072
2007-08-10,381.72,120.2836,85.7508,245.3412,143.5224,101.9659,129.2082,235.9502,194.4762,136.3855,145.193,301.7905
2007-08-17,382.4915,121.3697,86.1667,245.6648,144.0872,102.6025,130.8893,235.2724,196.323,135.0363,145.868,296.0003
2007-08-24,380.9081,128.9618,88.1555,247.4042,149.6476,103.8046,129.6167,233.4185,193.9421,135.685,146.1986,294.4011
2007-08-31,391.0899,130.4107,88.3344,250.403,151.055,104.5039,132.2118,228.79,192.2248,135.0882,147.2379,286.0772
2007-09-07,398.8,127.7176,89.6366,248.0557,152.3354,103.1362,133.3947,232.447,191.8182,136.1535,148.3667,280.3951
2007-09-14,393.381,127.7924,92.7773,250.0023,153.2048,102.6071,133.0996,234.4531,194.3051,137.1877,156.0445,285.6077
2007-09-21,395.8106,133.6326,91.5794,245.6073,155.0951,102.763,131.0745,235.2441,195.94,136.8968,148.8968,286.6536
2007-09-28,412.1814,136.6224,91.1356,249.902,157.9764,102.5325,133.0987,231.3489,194.11,144.4495,150.8476,291.6433
2007-10-05,432.6773,136.0683,91.5316,254.5122,155.534,101.9558,132.7777,231.4294,191.2155,147.116,153.2715,287.3197
2007-10-12,424.5397,144.1223,96.0394,258.3175,155.9486,102.5809,132.8039,239.3954,190.702,147.3673,150.5213,285.2938
2007-10-19,429.9949,146.6845,98.5658,252.6558,159.1295,100.1872,134.5012,242.8174,192.186,149.9453,151.9668,291.3068
2007-10-26,422.8376,143.8238,96.5755,246.6177,153.5428,104.3658,133.4205,243.6387,188.5127,148.2919,151.6301,295.4027
2007-11-02,429.1172,145.181,101.5144,248.7474,151.6349,103.7535,133.7555,248.1825,185.0589,146.4145,153.7973,299.5216
2007-11-09,439.5283,149.2253,103.2264,251.8174,153.949,105.1256,132.7898,246.1395,181.3526,146.1811,156.2062,298.7326
2007-11-16,434.5977,155.3429,100.2711,260.911,155.3856,103.4397,137.3806,251.9459,176.4487,145.9926,158.5385,299.1153
2007-11-23,437.4339,157.3118,101.6007,256.8839,151.9136,104.9959,139.1069,249.8462,178.821,143.7878,155.8466,299.9359
2007-11-30,450.2438,157.0402,101.5001,255.862,151.1794,108.7502,140.0901,253.3709,181.108,146.3251,158.1843,306.5008
2007-12-07,429.639,156.9317,100.0688,257.1946,150.1729,108.1318,141.9993,249.1387,182.0176,148.7372,163.1027,314.3443
2007-12-14,428.9335,155.4593,100.7687,258.0271,145.535,106.9331,144.6353,248.5249,187.0344,149.7326,164.0251,303.4305
2007-12-21,417.0357,157.1499,102.3882,264.8076,148.2222,107.3968,144.2048,244.5217,190.4632,149.0481,168.4053,298.4932
2007-12-28,422.251,160.6721,98.0157,271.4849,150.1972,110.6291,143.5755,252.4361,192.1766,152.8721,170.6411,302.5284
2008-01-04,426.2442,166.5164,96.411,271.1242,151.345,111.5834,147.343,254.7401,190.7273,151.0914,167.014,310.6773
2008-01-11,432.6123,169.0292,94.4239,269.9527,153.2436,112.627,147.3071,253.01,184.7473,158.3819,163.8025,315.2638
2008-01-18,412.9076,171.7097,93.7746,279.2802,152.5117,113.8985,146.1581,249.179,184.7124,162.1265,167.3311,318.2808
2008-01-25,419.3738,175.8165,93.6901,287.4747,158.5198,113.1379,150.291,245.6243,185.5748,157.4142,170.6075,329.6894
2008-02-01,433.7452,171.9535,99.5355,290.4566,155.5342,113.8362,153.1832,251.6512,196.2244,157.9057,170.0055,323.2146
2008-02-08,427.8727,171.6554,100.6134,291.4148,157.9738,115.9558,153.1603,252.6606,193.8461,157.8162,178.0206,334.3373
2008-02-15,409.3833,168.6614,98.8953,290.8185,156.8536,118.1147,151.6107,254.324,196.3102,157.9078,173.8869,325.7291
2008-02-22,415.679,175.2763,101.794,295.3204,154.5263,119.3021,149.991,261.3512,195.7157,158.6907,179.9815,324.0763
2008-02-29,416.4392,174.9294,103.7445,304.0068,153.3671,120.6165,150.4957,260.2907,195.7643,163.822,184.9409,319.805
2008-03-07,437.992,174.7844,103.7593,302.0235,151.2187,123.8369,154.9798,249.1363,196.425,163.9341,184.9522,324.4692
2008-03-14,451.635,172.2554,106.4214,307.6082,152.3609,124.7581,159.1463,251.5694,196.3365,163.6573,188.4771,319.6135
2008-03-21,454.8153,169.635,106.1024,314.505,148.6108,125.6317,165.6788,253.4674,193.6226,161.255,182.7044,319.3455
2008-03-28,450.3964,172.9762,107.4823,318.892,153.3123,126.8213,171.661,256.9442,194.6719,163.2754,184.9512,315.2203
2008-04-04,453.0976,169.245,112.3058,325.8854,149.9585,127.7031,176.1978,267.0821,200.2211,163.8144,188.0787,325.7443
2008-04-11,448.6117,173.676,113.0625,331.4704,154.108,128.9912,177.9708,267.1073,198.6511,161.9071,189.1236,318.9377
2008-04-18,462.2613,167.2394,113.7426,339.4804,155.9879,126.6947,174.7904,270.2205,199.5352,169.5662,193.5115,317.6307
2008-04-25,478.4605,170.3851,111.2968,341.2588,153.1069,127.5059,176.3757,270.9523,203.1948,166.5675,194.82,323.418
2008-05-02,491.8754,168.2245,109.8351,332.8375,156.4982,127.4723,175.6965,269.7381,208.2749,167.3879,196.7986,310.7082
2008-05-09,483.9169,173.2205,105.1125,335.4929,157.736,129.1311,178.0545,277.8532,207.0443,168.2865,200.0912,306.4259
2008-05-16,495.9515,170.4199,108.2076,333.9856,160.4036,131.548,178.3034,278.5918,212.1909,171.112,198.3283,318.3025
2008-05-23,506.2603,172.2017,105.1553,339.319,160.2917,129.8034,181.192,280.0409,210.6751,171.3796,200.5595,316.9094
2008-05-30,492.2624,181.0782,104.5769,348.5427,164.1101,131.8771,185.2126,275.3784,208.4169,170.3494,208.2815,323.9217
2008-06-06,501.7611,177.462,105.7485,350.3948,166.1406,131.9791,182.8574,280.7599,207.4757,174.0635,207.0635,320.3807
2008-06-13,526.4816,176.2856,106.8347,355.0029,166.9342,132.6326,187.998,288.6525,209.6472,178.5975,213.9022,314.2838
2008-06-20,514.3908,177.2618,108.501,363.2088,168.8699,130.1514,188.8501,285.8008,216.4327,178.1459,219.2369,317.461
2008-06-27,517.4403,179.274,105.8911,365.3591,163.8818,131.3753,184.3218,287.5315,221.7007,180.3024,213.3172,320.3937
2008-07-04,524.2684,183.4106,104.5867,372.9162,166.7893,132.487,189.0367,289.2355,221.6175,181.193,212.974,328.8416
2008-07-11,529.3161,185.4966,104.7858,377.8245,167.8829,132.4084,191.3587,295.0659,218.3669,179.84,220.4716,329.3696
2008-07-18,531.7233,183.538,103.8149,379.1205,167.0844,131.1632,189.1677,298.5623,222.7097,175.0109,219.0837,330.1349
2008-07-25,524.805,185.4669,107.5774,383.4638,167.1283,139.5236,193.33,299.327,228.8998,176.8572,210.3635,330.1663
2008-08-01,524.1824,187.2802,109.0369,382.1532,172.5894,138.4221,194.9958,302.1718,233.0735,179.3074,217.8146,346.7497
2008-08-08,528.499,188.0181,112.4686,388.4584,169.486,136.3716,192.8035,308.752,237.8492,176.1601,220.2088,356.1038
2008-08-15,540.5371,195.7001,107.5196,381.2195,172.6581,135.273,189.8528,301.9132,236.9928,175.7981,219.2631,363.8324
2008-08-22,539.5356,203.6942,105.9345,379.0678,182.5396,137.7663,189.3718,301.0985,238.1053,171.9626,222.3794,342.5791
2008-08-29,548.1146,213.2433,105.5154,375.6998,180.6094,141.5613,185.5065,299.5206,239.9357,170.3172,222.4723,332.3746
2008-09-05,551.0235,224.7681,107.6245,377.4858,181.4718,138.277,180.9518,299.6351,238.7276,170.7157,220.9983,320.2685
2008-09-12,557.8035,226.4331,104.4038,377.1023,181.771,137.7138,183.774,304.4153,238.7494,167.6734,225.7999,330.8461
2008-09-19,577.6662,231.9133,104.5245,375.0489,183.8779,139.6938,183.3523,302.9815,244.0713,169.7252,227.7738,318.664
2008-09-26,584.7417,234.8705,103.6173,380.2806,182.7698,138.6578,184.9251,311.9334,240.6156,175.2798,229.6906,311.811
2008-10-03,607.0302,232.9737,101.7449,382.9263,187.12,137.729,188.4706,312.177,246.2741,171.5306,236.8778,316.767
2008-10-10,609.6686,231.3033,99.8477,390.0743,194.0343,140.0512,190.9758,313.6729,251.4322,174.7016,234.3225,321.6447
2008-10-17,612.2254,228.5099,103.8885,389.7043,198.8673,141.8221,193.9115,318.111,256.8379,174.1207,236.3174,312.1045
2008-10-24,601.9289,232.0904,103.4803,383.2111,195.6678,142.9487,202.3863,313.1245,253.8819,165.4737,234.79,308.0641
2008-10-31,599.8643,231.9061,106.0987,388.8589,197.5926,146.6968,202.7273,320.3985,250.8465,167.4755,249.1266,311.9525
2008-11-07,628.5167,227.5661,100.8161,391.6855,199.4028,145.9393,201.534,325.1742,250.8366,170.6404,244.0333,319.0599
2008-11-14,622.0466,226.4386,100.4868,393.5078,206.7114,148.6886,206.7445,323.4386,246.1873,174.0012,245.4529,322.3897
2008-11-21,613.0248,234.7381,101.1244,390.0256,203.3901,146.4018,210.6305,325.3846,247.5171,169.4341,248.557,329.8162
2008-11-28,607.0628,240.9434,107.0145,391.6875,205.7944,146.0639,208.8935,323.0169,243.5031,167.307,242.8883,332.1043
2008-12-05,620.4255,251.7961,114.0086,401.7699,202.0065,143.0626,203.8647,321.8386,241.7405,170.1524,246.883,342.8819
2008-12-12,608.1979,251.3756,118.0617,399.2278,199.2942,142.5988,201.2641,320.864,248.5109,174.9623,238.7954,339.1989
2008-12-19,600.773,252.585,118.6414,410.7454,200.6614,139.8633,203.0774,315.6799,247.2406,175.4513,240.6397,335.1208
2008-12-26,599.7835,250.1862,114.598,410.4386,202.6929,140.7618,203.7112,317.0424,247.5684,184.339,237.0359,332.0251
2009-01-02,622.0558,255.1897,116.2423,413.0214,203.1654,142.3491,208.7982,321.4473,247.6158,184.1287,226.7298,330.95
2009-01-09,619.8844,247.4566,118.7184,412.6894,197.4759,142.142,213.0179,325.8279,250.0459,188.3484,228.5388,334.0433
2009-01-16,607.3725,242.0334,122.7344,415.4989,191.2017,144.8587,212.9948,332.446,247.5106,185.498,232.5591,348.2869
2009-01-23,606.8785,247.495,123.072,413.1991,194.027,145.4726,213.0428,333.308,256.4534,180.949,236.881,351.1935
2009-01-30,614.1932,252.0058,120.448,405.794,191.9778,145.6184,214.2402,336.3905,255.207,178.7209,241.6656,347.1542
2009-02-06,625.0118,253.8691,124.7328,409.186,189.6906,147.2295,218.2262,337.6258,252.5215,182.984,244.4435,353.6957
2009-02-13,633.8826,249.9816,119.8167,408.6425,186.2988,150.7061,224.6938,343.2157,253.7929,182.9635,248.4148,353.9009
2009-02-20,645.3341,255.3028,116.4605,401.1041,184.4645,151.018,228.7406,346.2023,256.0031,185.5213,258.7628,352.5845
2009-02-27,648.6286,261.0401,118.1776,401.5371,180.1839,150.4065,230.6275,354.1034,248.0209,184.9228,250.9456,357.1702
2009-03-06,662.7865,257.3448,120.8477,391.2411,182.2956,146.7451,226.6682,359.3505,249.179,187.9968,256.557,362.8246
2009-03-13,692.0835,256.2862,114.9416,387.3254,182.4638,146.5854,226.6606,360.9133,244.8389,187.6235,260.665,373.9504
2009-03-20,702.17,264.5601,116.0979,385.2407,187.9705,147.509,230.9439,373.0558,247.0409,186.9155,263.2993,377.873
2009-03-27,707.5632,270.0565,115.0468,386.2902,188.8215,149.127,230.7544,375.2794,251.0325,192.6001,268.0337,367.7308
2009-04-03,738.6879,258.4015,109.866,385.0927,190.3503,144.9657,226.8418,373.9535,254.4423,191.6584,267.2983,364.3371
2009-04-10,743.0206,257.3502,109.0775,387.1104,188.4353,149.9176,222.2258,367.5529,256.9552,192.0622,274.7142,352.7015
2009-04-17,758.249,250.7629,110.2774,394.2342,185.1827,148.739,224.1271,361.6009,257.9179,185.0711,277.9485,347.1099
2009-04-24,753.0907,248.4336,108.7055,394.7729,184.265,149.6123,226.5187,365.6756,256.2661,186.1848,286.518,338.8584
2009-05-01,747.5424,252.3654,111.5007,399.2718,179.9201,149.3637,226.503,366.6063,254.8469,187.8993,279.6825,327.926
2009-05-08,786.3727,253.6998,110.5594,401.9769,179.9193,150.8082,226.8611,361.2907,257.9482,192.6758,281.9526,325.8505
2009-05-15,787.6803,239.7578,110.7319,394.6108,180.1414,152.8573,234.0193,369.831,256.7806,188.563,277.4266,331.1453
2009-05-22,782.9079,235.608,106.8681,398.0383,178.1635,157.8185,232.7963,374.9631,252.7397,192.7441,279.1309,321.0442
2009-05-29,791.7234,235.6172,104.757,395.8746,175.6224,159.2759,236.5232,369.8364,249.969,192.7945,277.4375,321.0341
2009-06-05,792.903,226.2735,98.3219,403.2366,175.6142,158.7403,241.4253,367.6081,249.1706,183.128,268.8137,320.9119
2009-06-12,756.3031,225.6417,95.0099,404.6924,174.7539,157.5141,243.6792,359.6317,243.8631,187.748,264.8431,313.125
2009-06-19,744.049,225.7097,93.6667,402.5585,173.0736,154.655,254.1336,358.085,237.8335,184.9493,257.4364,314.3882
2009-06-26,747.4616,218.5,92.4409,391.6697,172.5499,152.3415,255.2809,356.3462,244.0495,184.3098,256.3027,316.3459
2009-07-03,714.8057,219.6182,92.4987,391.9555,172.5134,146.9769,250.1318,356.3183,246.8248,187.8888,249.3934,309.5171
2009-07-10,686.3585,220.6299,90.3459,386.9606,168.5391,144.9181,244.9881,351.3558,245.1116,185.4523,241.4853,313.2444
2009-07-17,685.4008,215.5011,89.9419,376.3211,175.3652,143.4582,249.3451,347.4752,243.1719,185.4853,234.0489,311.8659
2009-07-24,703.0727,213.7355,90.9882,369.7829,173.9037,141.4243,252.3911,347.1242,242.9905,187.3697,228.7567,310.7271
2009-07-31,698.7514,215.2633,88.3202,367.9757,179.0022,141.1488,251.8315,344.7013,239.9134,191.6653,224.4573,313.862
2009-08-07,749.0683,213.0782,92.3366,361.1633,183.2057,142.1723,247.0643,336.1421,250.8298,189.5931,226.4258,309.2343
2009-08-14,771.6301,208.8108,93.43,357.2697,183.007,139.9719,245.5826,338.0167,247.3411,187.5973,221.5732,309.8352
2009-08-21,760.0256,209.0949,94.4675,356.8219,178.8685,140.6445,246.0767,335.122,254.5541,185.5702,223.9108,306.5564
2009-08-28,764.979,210.2512,97.1466,354.5611,183.2327,141.1678,243.7471,337.0808,249.6,184.1894,226.8056,307.796
2009-09-04,761.2209,206.5324,100.1512,363.2234,176.2786,137.8927,241.0546,339.4968,240.9799,183.3923,224.8964,311.6168
2009-09-11,796.9964,197.233,98.7741,362.4486,176.3702,138.5754,244.9552,335.4837,240.291,182.8418,228.9791,303.5468
2009-09-18,790.9671,196.3881,100.6943,352.5764,175.5189,140.2917,242.6232,326.256,241.0463,182.7275,228.7616,299.1758
2009-09-25,780.8105,192.6268,103.7753,345.1774,173.6229,136.9633,243.3942,323.1287,238.5297,182.6865,226.8168,299.6788
2009-10-02,815.6113,195.5572,102.2936,338.5217,175.5736,135.0591,238.4571,320.1963,231.0393,185.9934,223.6913,286.0199
2009-10-09,821.5759,193.5282,100.5824,338.8538,176.95,135.8834,243.784,330.9028,232.2734,180.4662,217.3731,279.9342
2009-10-16,825.892,191.9458,101.2475,337.6905,177.6794,134.1187,249.0116,329.3826,230.9411,176.2059,215.9419,278.7048
2009-10-23,821.9137,191.2305,98.7774,341.711,171.65,134.9603,242.3789,326.4286,234.4546,172.5007,205.9375,271.4109
2009-10-30,807.2496,194.4303,95.25,334.4786,169.0476,132.9797,241.4526,323.012,233.2782,176.1211,205.3533,270.8385
2009-11-06,764.7448,186.6929,97.1161,331.9468,168.4741,134.117,235.239,331.5596,232.1774,176.1548,202.1076,268.6784
2009-11-13,788.0195,187.2618,97.543,321.0542,162.7236,130.4774,239.3416,323.6051,226.284,176.9783,202.9792,281.7993
2009-11-20,789.1941,189.8582,96.0953,310.8877,158.1144,132.7026,237.4631,318.0689,224.487,174.9325,205.1661,275.5847
2009-11-27,762.0433,187.6235,94.801,305.6697,155.8608,129.5173,234.7466,313.6072,223.7154,173.9535,203.9118,264.7331
2009-12-04,731.4117,187.8497,92.637,292.1183,154.3728,125.5298,236.5529,308.1033,225.6877,176.1535,206.8587,268.7906
2009-12-11,734.8001,184.9362,92.4629,287.9599,157.8128,126.4229,230.8169,307.3436,221.8283,172.8488,215.5318,259.332
2009-12-18,757.8768,188.7498,91.8541,281.7536,160.271,124.8498,224.3128,300.8674,219.7304,169.8479,207.4262,264.1882
2009-12-25,752.5643,184.0182,88.7817,284.2523,160.7787,124.9193,212.6296,302.1235,221.4465,167.6461,215.3462,261.231
2010-01-01,724.4291,182.8585,93.9785,280.9902,159.9652,124.0423,208.5975,291.6433,215.5742,163.1533,211.7753,265.9347
2010-01-08,739.889,180.8381,93.0708,285.8465,160.5813,122.8149,209.6234,282.8679,221.6045,161.8384,206.649,260.8676
2010-01-15,747.6261,178.8572,93.9173,276.6519,165.3953,123.7748,208.3321,281.2003,227.7586,165.0852,213.5781,270.3419
2010-01-22,751.5385,176.356,89.8717,269.2224,165.3468,124.1971,208.7715,282.8702,230.3888,166.6111,209.6663,278.8677
2010-01-29,729.8904,182.3094,89.8039,272.8006,167.06,123.7988,212.1606,281.4347,235.6038,162.9403,210.5779,275.8715
2010-02-05,734.6253,179.8426,87.2072,272.7564,162.2183,123.8691,209.6516,279.7234,235.1387,163.0388,211.6783,279.0293
2010-02-12,740.1147,174.0425,91.6182,264.3422,161.3705,121.617,207.6763,274.9204,233.6901,157.2647,210.218,270.2508
2010-02-19,706.1092,177.1671,94.6574,260.4261,158.6977,122.6185,206.421,269.2349,241.2771,157.0475,211.1841,275.3991
2010-02-26,719.6405,173.4682,95.0613,259.9626,159.4426,118.15,206.3915,266.7247,242.791,160.7247,215.3003,269.577
2010-03-05,706.2926,174.5851,96.2769,262.7765,159.6481,120.1889,201.1499,267.902,243.4415,157.7881,208.3018,260.241
2010-03-12,698.1976,169.5735,98.183,256.1433,160.0962,116.7544,203.8316,272.002,240.9949,157.0756,204.0477,260.4781
2010-03-19,690.4291,170.1166,97.0868,253.5297,161.0626,114.3278,206.4536,276.4498,251.0721,157.2487,206.6374,260.562
2010-03-26,682.551,173.6442,97.1772,260.4006,159.2682,117.7562,209.6247,281.5328,252.7726,160.3397,205.387,258.9769
2010-04-02,676.6906,176.2643,96.7909,266.4972,160.2653,117.1702,212.9753,277.0037,257.6475,160.2247,205.9034,254.4729
2010-04-09,671.0194,172.5807,95.9916,265.5502,161.6787,116.1928,206.4992,276.8586,256.7262,162.2139,197.8059,259.5531
2010-04-16,677.8324,177.8368,96.4874,262.9661,162.1533,115.1841,203.2544,274.017,255.767,161.2822,199.2846,262.2916
2010-04-23,688.639,176.8661,93.9542,254.9083,162.4519,116.273,208.5478,276.5171,257.324,164.7263,196.7655,259.4466
2010-04-30,687.0698,174.4474,92.0747,257.8756,160.7608,116.9181,216.3245,274.6956,261.7215,161.4447,196.8103,258.6579
2010-05-07,673.0024,171.2011,92.4112,252.0325,157.3978,117.4848,212.5889,270.1872,254.8606,162.0281,192.745,257.7002
2010-05-14,683.1229,164.8231,93.4644,250.0022,158.1404,115.9327,210.5213,268.8881,260.999,163.2276,186.1215,256.6539
2010-05-21,666.2843,167.3654,92.6542,251.1969,156.883,117.4262,209.8562,265.5861,264.9531,163.1785,185.5605,261.7893
2010-05-28,655.6363,159.4995,92.306,255.7855,155.772,116.7125,210.4703,269.7199,274.4142,163.7034,190.0131,258.6263
2010-06-04,658.114,164.0163,93.4458,246.5027,152.2471,116.1942,208.227,273.7418,279.1162,161.6323,196.752,269.7357
2010-06-11,641.0874,166.4208,94.1698,245.3039,149.5017,113.8007,211.6821,272.1329,284.4872,159.3313,195.1854,270.283
2010-06-18,643.0186,162.6917,94.9101,243.5269,144.9604,114.3522,213.6208,279.8214,284.9653,157.5902,194.8664,272.3804
2010-06-25,652.0355,159.2595,92.8587,237.9633,143.9891,115.7029,211.1514,278.5987,290.6438,158.9379,193.4468,275.4358
2010-07-02,648.1979,157.1153,93.0716,235.376,146.3395,115.307,204.9687,279.685,289.7827,165.7478,188.5863,271.3569
2010-07-09,653.2437,152.9111,93.6581,239.893,149.354,114.9281,205.4346,278.4099,298.3772,169.6504,188.3007,272.0548
2010-07-16,644.6596,152.9254,96.7646,241.3069,151.7077,112.7901,205.6161,279.0582,297.9992,173.6946,187.7729,271.0898
2010-07-23,649.1356,152.8171,96.9401,242.556,150.9362,113.6413,210.5194,283.7331,300.1131,172.9522,188.3161,280.095
2010-07-30,649.4952,152.357,99.3323,244.5398,147.7285,114.2319,212.2382,279.0659,299.7945,174.1331,187.7898,276.0594
2010-08-06,646.9727,153.269,98.7866,237.6676,147.0709,112.8038,211.4376,291.7443,296.6685,169.9702,190.3613,268.0994
2010-08-13,645.135,153.2409,97.6915,232.7982,146.3009,115.0087,211.3855,292.1783,301.3624,171.8056,193.1702,262.2838
2010-08-20,636.8929,152.2169,97.5568,228.1179,142.8149,115.3048,212.4336,284.646,298.826,172.7287,186.6593,249.6947
2010-08-27,609.0092,151.7359,97.8631,233.0841,143.4652,116.9919,219.8592,287.892,300.4675,175.426,190.9331,247.118
2010-09-03,614.0218,156.3898,97.5684,232.4583,145.6257,116.157,220.1313,297.3477,306.2288,171.7247,193.4071,247.2161
2010-09-10,615.065,157.9736,96.7799,230.8695,147.1588,117.2817,214.6606,298.8672,307.2887,171.3652,188.7781,240.9948
2010-09-17,604.1774,158.4054,95.0233,235.0276,152.861,114.9194,217.2843,297.618,314.5638,169.669,188.8548,245.6759
2010-09-24,601.819,158.4948,93.3365,233.5266,152.0001,113.6475,221.1929,297.5689,311.5345,166.0427,193.822,248.3489
2010-10-01,614.7886,160.5035,94.7794,237.6919,156.4053,113.6459,222.0624,305.6541,309.103,161.8722,195.6601,249.0082
2010-10-08,584.4394,166.1575,99.9521,238.0813,158.7694,116.3905,221.6275,308.0523,304.9561,162.7709,196.5578,244.1244
2010-10-15,587.912,168.2318,99.9821,245.5423,163.8497,117.9113,221.9846,310.8161,304.7798,160.6134,205.1746,240.7843
2010-10-22,579.2713,170.401,102.0589,246.0506,163.6151,115.7692,216.8137,311.5278,300.0903,161.9411,199.7438,238.2981
2010-10-29,573.729,164.5885,99.559,239.7614,161.4278,116.606,219.0729,311.0526,297.7779,161.386,200.4516,240.3563
2010-11-05,579.307,165.4737,96.9997,232.8973,161.6172,114.6695,214.2444,312.347,297.201,164.2598,205.4567,239.8365
2010-11-12,574.0541,163.9007,95.1823,234.7132,161.4576,112.8667,214.1519,320.0816,309.1753,166.7956,207.285,238.8529
2010-11-19,588.7981,169.6752,98.3147,235.9115,162.0165,114.7662,215.7711,324.8971,307.6251,164.8093,209.5548,236.9445
2010-11-26,579.7824,170.9499,101.8471,235.0673,158.7149,117.8228,219.7958,330.1724,303.2854,164.6203,210.4438,232.202
2010-12-03,566.21,173.0022,104.1005,229.1848,156.4758,119.8941,224.9611,326.3888,301.7144,166.0003,212.3076,229.0424
2010-12-10,545.269,181.7745,104.9207,235.6379,155.7168,119.2265,217.4229,339.4218,290.064,166.702,205.3046,233.5467
2010-12-17,567.221,178.4925,106.7908,234.7354,156.8891,120.3922,218.0806,340.7433,296.7845,160.9776,205.1276,230.3836
2010-12-24,562.6269,177.9521,105.1115,235.449,154.539,122.687,212.5994,341.0582,291.7631,159.9953,206.7659,231.0295
2010-12-31,563.8135,174.5432,105.8141,239.9206,154.7526,121.4333,210.7097,347.1423,297.8672,160.8438,209.1037,242.7245
2011-01-07,546.505,177.2821,106.214,236.1265,155.418,123.8908,215.294,351.6839,304.4305,160.4678,214.093,245.6139
2011-01-14,563.9415,179.534,109.9159,240.1187,157.3873,124.8043,214.0325,356.9889,315.1149,157.2542,211.5645,248.2357
2011-01-21,549.8415,173.7727,113.0071,242.8608,157.7513,124.7283,218.0779,360.417,318.6274,156.2062,208.0338,245.5512
2011-01-28,534.8907,171.3772,114.7695,242.526,160.0647,125.4252,219.0684,352.5319,317.1419,156.5288,212.565,253.4967
2011-02-04,511.4621,176.4933,118.7312,243.0231,160.0596,127.9545,217.5064,352.757,318.4968,156.2611,215.4403,248.257
2011-02-11,528.2388,174.0152,119.1891,238.9075,158.3824,127.0836,217.1833,347.8198,325.3126,160.8498,211.4626,243.8913
2011-02-18,537.5416,169.0845,118.7931,243.5613,160.4517,125.2826,218.978,350.2693,326.6881,163.9058,214.4288,244.2527
2011-02-25,526.1203,165.0413,119.6798,246.824,164.0617,126.6632,224.0821,346.4249,327.1235,162.7188,226.7379,248.7959
2011-03-04,523.3132,172.0989,128.1574,257.899,156.9099,127.7125,230.899,342.6266,326.1626,164.5189,231.1569,251.1048
2011-03-11,533.6125,177.0604,125.0479,260.2781,156.3553,127.5072,235.479,339.8338,329.0542,164.4976,226.5182,259.133
2011-03-18,536.7656,174.016,123.7793,263.5069,158.265,130.4171,237.4886,343.7588,333.1612,163.6004,230.3129,267.7663
2011-03-25,524.8833,176.6739,121.754,262.7296,155.9312,137.0374,237.1298,351.9124,334.9938,159.8607,230.8194,267.0312
2011-04-01,530.9628,171.1659,123.6537,261.8061,159.7944,136.2368,235.773,352.7268,338.5127,160.1372,237.7539,268.9654
2011-04-08,553.3956,174.8009,118.3162,266.2656,158.4717,139.7193,237.9741,351.3937,347.1782,162.5389,245.2451,268.1496
2011-04-15,554.1416,175.2519,119.6242,262.1423,161.3586,140.0372,234.8239,359.4256,347.0845,164.6176,246.6525,264.6804
2011-04-22,565.3016,167.4987,121.4155,259.401,162.5923,142.0744,236.8406,357.1694,344.217,166.8815,247.9538,263.1844
2011-04-29,581.9674,170.5771,122.7126,258.6173,163.4215,143.0241,238.3085,354.0984,348.1147,173.9301,244.4565,271.3037
2011-05-06,585.5378,165.4034,117.1149,259.6454,160.1222,140.919,238.0123,353.2841,347.6062,174.4161,249.7319,273.6696
2011-05-13,608.2028,165.3575,118.9406,264.3361,163.4281,144.6816,232.674,358.7218,354.9639,178.7914,245.6677,273.7416
2011-05-20,600.2057,166.0634,117.3627,277.1812,167.3957,145.6182,236.484,362.3931,366.1865,181.9403,243.8225,280.58
2011-05-27,603.8177,171.9453,118.6493,278.4231,166.8381,148.7005,238.8424,368.0976,369.9664,186.2015,244.6854,286.1134
2011-06-03,604.0488,167.5102,115.5406,286.5725,170.0504,152.0971,236.3616,384.3489,377.2816,189.5893,246.5736,292.9465
2011-06-10,590.8133,169.9842,119.2912,290.7447,173.3314,152.8242,233.7834,378.4859,388.3341,188.7195,241.2642,302.8757
2011-06-17,593.4658,172.5196,116.5106,298.2679,177.4627,154.7961,237.3726,373.5241,390.5905,188.133,249.2371,315.2025
2011-06-24,582.1473,171.8743,117.3539,297.2883,176.0595,157.5141,232.85,376.4379,385.6985,190.4983,247.762,316.4951
2011-07-01,558.9562,170.0137,118.5922,303.1388,178.0842,159.4067,238.7516,383.5857,383.3676,189.6472,238.545,318.1923
2011-07-08,559.2168,173.498,115.6163,295.9269,181.5286,163.5965,242.7995,384.472,377.0,186.6091,241.3885,324.3064
2011-07-15,568.6199,178.0501,117.3538,303.5659,179.5619,162.0766,247.0276,390.5184,375.5133,184.6407,249.6924,327.6511
2011-07-22,586.6128,176.5485,121.8457,303.9107,179.3417,158.4421,259.3623,397.9876,382.2422,188.7201,240.2651,336.9496
2011-07-29,583.2165,180.7927,124.8582,298.638,184.0697,164.8863,265.6253,400.8967,376.1353,193.7723,234.4247,338.6696
2011-08-05,594.7167,178.2229,122.7322,304.0025,182.7653,164.6661,268.2257,399.2139,381.4079,194.0322,232.9003,338.5374
2011-08-12,589.9908,182.2657,125.5049,310.9961,186.8005,161.364,277.2398,392.032,383.8991,195.7069,230.9512,345.6716
2011-08-19,575.3873,188.9802,126.7291,315.2611,193.473,162.7367,280.2536,401.1581,395.0872,197.4671,242.3116,357.0681
2011-08-26,583.2426,197.5753,128.9907,324.5513,198.1597,165.2029,282.8881,400.5576,395.7183,194.5833,244.0003,361.2351
2011-09-02,584.8558,196.1731,130.2015,325.2862,198.6506,162.4389,283.1835,419.4079,397.2294,192.5631,245.5226,361.5555
2011-09-09,595.0265,197.6217,133.1523,324.1037,199.5149,164.5413,291.5804,420.4461,396.0148,194.0,237.5055,363.0471
2011-09-16,573.2318,197.7193,132.2853,331.8203,199.8174,165.6183,293.0091,429.725,396.7028,192.5548,239.0125,375.5307
2011-09-23,590.6774,204.2259,134.4077,327.6148,199.0493,161.0774,301.1622,432.4546,393.3642,193.9813,241.9271,368.6748
2011-09-30,596.7667,205.7978,131.671,335.8315,197.534,158.8469,301.5261,436.1082,390.3004,198.7712,242.425,371.8145
2011-10-07,621.4848,213.8322,129.1963,336.9819,198.193,159.2092,294.3103,442.2809,401.4523,193.3743,238.2385,377.0482
2011-10-14,654.2203,212.0859,129.4275,334.6443,193.1383,158.8658,286.8711,440.4984,398.8835,186.6552,246.8955,393.3514
2011-10-21,651.3937,214.1446,127.2312,335.5241,189.1393,167.651,290.1775,434.0975,390.6769,190.9366,258.269,405.5569
2011-10-28,632.975,214.7284,132.2237,336.3698,188.6685,166.4915,289.3041,435.6396,380.7474,187.883,250.8306,413.9248
2011-11-04,632.882,213.0877,135.8095,345.9478,182.9411,170.867,289.9778,442.6913,378.4957,191.0603,255.1807,406.049
2011-11-11,626.114,209.5296,136.9271,349.367,180.0452,169.8458,286.713,454.4564,384.435,188.2223,247.0399,404.5272
2011-11-18,639.401,213.6387,142.8032,359.1169,183.0806,171.2937,293.1255,463.8451,385.1451,190.5715,251.4351,410.5151
2011-11-25,642.3989,214.1928,139.8497,372.4737,180.0514,171.0686,284.4243,464.3613,397.2459,188.7206,251.629,413.292
2011-12-02,642.8091,218.6706,138.4363,381.2775,177.6911,169.6889,289.5339,457.7735,403.9936,190.1782,250.2729,418.6849
2011-12-09,619.4504,215.162,141.3231,375.7804,178.7904,168.4895,292.8513,462.9761,411.1951,193.5716,254.2986,430.9696
2011-12-16,621.6036,213.5876,136.8154,377.8223,181.4204,170.9173,297.1561,476.3986,415.8107,194.0323,253.3308,441.5349
2011-12-23,631.3057,219.5918,139.1781,380.1179,180.2071,168.7478,300.8039,480.5014,428.7628,193.5861,250.119,436.2802
2011-12-30,637.64,219.7384,144.6797,385.1208,180.6248,171.4418,305.8183,490.5331,423.7099,191.9165,249.9443,442.707
2012-01-06,629.6834,215.2304,140.6736,368.8227,180.2134,170.5981,298.4586,500.4695,419.2653,190.113,241.6061,448.9553
2012-01-13,635.2148,214.709,146.8717,369.8826,180.3075,172.771,292.4624,491.04,421.4286,190.0973,236.625,444.0944
2012-01-20,630.6467,215.1988,149.0842,378.3364,180.0362,170.1402,289.4631,496.649,418.4746,183.9156,224.0651,436.161
2012-01-27,634.6631,215.465,143.4398,380.6203,177.6719,173.7091,286.9411,501.8914,426.6194,189.7194,229.2048,444.0003
2012-02-03,654.3661,207.5044,143.8318,375.4658,179.0915,172.7087,289.5285,506.1701,414.3055,187.0047,236.1193,450.8149
2012-02-10,642.8188,214.7789,149.5211,361.1415,183.1546,170.5825,296.8433,506.8285,406.5609,182.8901,230.7987,456.8854
2012-02-17,610.2038,209.4729,149.8285,366.3514,181.596,166.8533,296.0861,494.6004,405.5962,183.8932,235.7853,470.7037
2012-02-24,615.2148,216.0144,150.1713,367.5678,182.6605,170.7121,286.0667,494.3717,396.6839,181.5617,241.7901,471.4096
2012-03-02,613.1982,213.0289,152.8816,371.728,179.5083,169.233,280.7823,498.093,398.7044,182.0034,239.1959,464.7325
2012-03-09,605.1065,212.3206,149.447,376.2956,181.731,171.876,277.6327,496.6739,391.9003,181.5318,236.7044,447.2146
2012-03-16,609.0569,214.4614,143.4651,377.5414,182.0374,172.5957,280.4231,493.9846,392.0445,179.2004,232.9935,448.4594
2012-03-23,610.443,213.3469,143.3933,380.5582,180.1821,173.822,280.7929,488.1429,384.8666,180.5219,235.9615,452.5139
2012-03-30,613.6297,211.1197,145.9156,378.7858,180.226,175.107,283.643,470.5111,394.4185,183.0937,228.4435,454.3935
2012-04-06,613.2348,212.936,149.3278,377.4973,182.6502,175.7175,279.1219,474.9167,391.8461,185.6274,238.0824,469.0682
2012-04-13,608.5193,219.6393,148.9749,373.5341,186.7212,174.3941,282.4617,471.6765,393.2412,190.6865,240.1097,480.8679
2012-04-20,621.9499,234.7464,141.7069,374.344,185.7788,174.4142,288.5615,473.9204,383.2333,194.3037,234.0602,496.3759
2012-04-27,618.0307,240.7103,143.4546,375.6815,183.7409,173.2816,291.6835,485.1828,379.069,195.1748,242.4029,517.8287
2012-05-04,590.1622,237.6823,143.4378,373.0713,182.2347,178.646,300.0217,489.1873,368.189,195.6044,238.8248,518.3475
2012-05-11,584.51,236.0277,140.8365,377.6625,183.1928,178.4197,304.8166,491.1999,381.4539,193.1904,235.7741,531.6426
2012-05-18,607.7882,237.1263,142.1062,381.556,181.2368,174.4683,305.1845,472.0616,374.3796,191.2441,235.9635,531.0033
2012-05-25,601.366,238.7945,148.3568,383.3086,187.2448,174.662,294.2946,462.9293,376.7918,190.6405,233.33,537.6487
2012-06-01,608.1269,240.1437,153.3407,385.6721,193.1885,171.7327,290.8931,472.4821,369.0616,186.0912,230.0545,532.6138
2012-06-08,586.2239,236.5847,151.7608,377.3046,190.6605,174.9607,289.1758,472.3119,362.2749,187.4305,236.9454,528.1929
2012-06-15,590.2407,229.8247,153.4244,385.7842,184.7347,173.4624,300.3547,482.9346,352.4296,188.6868,242.7519,537.5443
2012-06-22,571.3152,236.3956,156.9783,384.9521,185.3486,171.6172,297.4042,488.2347,357.3602,185.2824,254.9583,544.3899
2012-06-29,560.8303,233.604,162.2782,386.0667,187.7165,170.5743,291.8583,468.1883,353.61,182.4902,258.7355,542.8402
2012-07-06,572.1033,229.1414,161.7462,386.8703,189.3575,171.3045,287.8398,460.961,341.8057,180.1609,257.1187,528.9655
2012-07-13,576.9298,231.0514,167.6891,375.8326,188.829,168.2926,290.9619,454.9027,331.705,177.9838,258.7169,531.8823
2012-07-20,562.8758,222.5286,170.4055,380.7617,189.0618,164.6115,304.3415,461.0158,340.1422,180.8772,249.5073,529.0794
2012-07-27,563.9357,228.749,166.5518,378.7427,184.9475,163.7271,304.1,459.8508,333.8655,180.857,241.0688,525.3475
2012-08-03,571.7549,239.3935,166.3001,378.1502,183.205,162.359,302.5597,464.9747,337.1874,182.0916,251.1958,514.1238
2012-08-10,571.7349,238.3272,174.5256,366.6489,185.2456,160.1939,306.1208,457.1296,337.5931,181.663,256.5811,503.4358
2012-08-17,591.7589,237.9821,174.3816,366.9432,182.2711,161.8697,308.2043,461.7984,330.3103,178.9311,258.107,507.8079
2012-08-24,581.4549,238.3216,172.6235,373.6442,180.4765,162.8684,305.4928,455.8257,317.1449,181.5155,258.3299,513.6627
2012-08-31,586.8103,235.0315,166.1234,371.5711,180.1695,161.4302,307.0082,449.0598,311.2914,181.6345,255.0804,496.6079
2012-09-07,583.0074,240.1514,166.1483,365.6628,180.5839,166.0462,300.2113,444.3695,313.9632,181.4174,256.038,508.4721
2012-09-14,590.3177,237.736,171.3453,371.1135,178.6979,168.9278,304.6794,451.3312,309.6729,179.3329,250.6409,499.1302
2012-09-21,590.2933,237.452,167.4557,368.8289,176.7119,169.3883,316.1949,454.9496,316.5079,181.6435,249.0409,478.5632
2012-09-28,593.197,234.3867,166.164,353.447,180.1105,171.393,314.2425,447.0798,306.7279,175.5355,247.7262,478.763
2012-10-05,580.4932,229.5049,166.4061,360.4477,175.9968,174.4126,315.0187,440.6801,305.6034,172.1081,245.7743,488.4258
2012-10-12,582.4428,229.1262,166.2135,358.655,175.3794,175.8827,312.4125,447.3652,317.5605,170.0806,237.2638,484.1427
2012-10-19,576.3008,230.5533,167.9456,358.38,177.1258,170.5858,315.586,448.8808,319.5966,165.8167,230.1272,480.3166
2012-10-26,600.1412,232.0135,173.5748,360.944,178.0105,172.784,311.7357,448.2144,316.8595,162.7666,232.4537,470.1889
2012-11-02,582.0698,235.2793,165.4301,362.3378,176.1485,173.4982,314.7691,437.0405,314.6564,160.5554,228.001,468.3005
2012-11-09,594.8651,241.753,162.0088,351.4768,173.8045,174.9005,317.177,436.2663,303.4914,158.1746,232.866,481.7966
2012-11-16,601.2049,256.2363,166.3063,350.1072,168.4867,171.5784,319.1893,438.3307,301.0365,156.9695,235.0815,481.9161
2012-11-23,613.3335,254.5722,169.0445,343.6899,168.6953,169.9034,316.3893,445.2077,298.6474,158.0378,236.6039,471.476
2012-11-30,604.4107,257.1298,174.246,347.8292,168.6102,164.7624,310.0405,446.1774,296.9323,160.0403,225.8465,465.0019
2012-12-07,626.1335,263.2608,168.5481,345.5681,162.9173,159.5084,305.4089,444.1233,297.6884,161.6278,224.1044,491.1995
2012-12-14,631.5103,259.6473,162.869,350.6881,163.7665,153.9713,298.7305,440.1454,287.5176,164.2035,220.4115,498.6336
2012-12-21,616.3961,265.0461,161.419,345.5103,162.8644,153.9663,302.323,431.7564,284.5954,160.4571,218.1995,498.7776
2012-12-28,616.936,262.1835,156.6692,343.1612,162.0183,154.422,302.9457,426.2801,277.4901,157.548,224.4661,508.5039
2013-01-04,623.1113,266.717,158.4391,344.4845,160.0042,154.3833,305.3983,416.2159,283.5253,159.2457,224.0643,502.2692
2013-01-11,644.6695,272.1599,154.6166,348.4998,155.8777,148.882,301.5416,421.0087,282.8813,155.4375,229.5346,507.9987
2013-01-18,647.3129,274.5376,155.8695,351.5169,154.9949,149.2416,306.4125,420.5152,282.793,150.0561,225.1016,514.0255
2013-01-25,646.4089,260.8737,153.1806,369.1687,158.3873,148.8349,304.1411,418.3647,279.7746,152.641,220.9795,512.2971
2013-02-01,644.9504,254.1641,153.6305,369.4729,158.318,145.0143,300.596,419.3598,276.4338,150.1161,214.1861,502.6855
2013-02-08,653.0218,243.4906,154.185,363.5054,160.3066,145.0699,297.7478,429.0682,275.7594,151.6762,209.7347,504.5844
2013-02-15,661.5373,246.4461,160.7867,355.9036,160.4865,144.7171,287.9096,430.9461,273.1491,150.4527,199.2308,508.5554
2013-02-22,688.2823,245.8027,161.2912,353.4976,160.1037,148.576,286.7439,435.2798,269.3001,152.5354,200.8547,515.4034
2013-03-01,663.9896,238.5419,153.1476,344.4223,160.4418,148.1634,281.077,430.3468,262.5288,154.7271,201.0127,505.4346
2013-03-08,678.1612,233.8565,150.9808,352.413,158.6637,150.1402,284.4086,424.3694,260.3432,155.4583,198.079,506.7257
2013-03-15,650.5071,236.3086,159.5017,359.1926,160.0267,150.2161,275.0122,411.6884,263.9167,154.0152,195.3108,506.3514
2013-03-22,655.6209,225.0496,159.536,360.7923,161.8989,148.9299,278.4147,395.6757,264.381,152.5392,195.2168,500.8623
2013-03-29,641.3845,219.6053,159.1916,362.3522,165.0442,149.1744,280.5445,386.4606,261.1148,151.7776,193.072,489.8483
2013-04-05,655.2265,212.566,160.473,359.8508,164.1813,146.6705,278.5437,381.4158,262.8484,148.9319,203.3249,487.7568
2013-04-12,640.4014,212.8729,152.3874,359.2789,163.9256,140.1262,275.7113,371.2183,256.8121,149.845,202.827,506.1104
2013-04-19,607.6003,213.1146,152.9162,365.1744,171.1519,136.9741,275.5505,368.3785,255.2332,151.177,200.8166,490.2536
2013-04-26,594.4274,213.2967,152.3327,359.4936,169.3331,134.9734,274.3405,370.566,253.3318,156.2741,195.0968,476.2405
2013-05-03,597.3759,213.5959,145.0121,356.9667,164.9636,137.3531,273.9135,366.6038,254.4844,155.4506,198.5934,465.2398
2013-05-10,604.5523,222.6537,143.4902,347.6157,165.9904,136.7254,280.0102,376.2611,252.6111,153.9144,198.0001,468.3799
2013-05-17,600.2475,218.5355,138.4488,349.7386,165.1138,138.1191,280.0657,372.754,250.3291,153.5753,199.3231,460.2789
2013-05-24,588.2379,215.8439,142.0991,352.2215,166.9305,136.3,284.7362,359.9571,244.0204,150.2252,201.7309,449.4695
2013-05-31,594.0097,214.7948,139.7831,344.6791,165.0455,135.6235,282.9567,356.0205,247.6111,146.9931,206.1913,449.9109
2013-06-07,596.9644,212.8042,140.5975,351.0812,164.2176,137.3737,283.9785,358.3392,248.8631,145.3537,203.2176,433.8122
2013-06-14,604.6436,214.5863,138.8056,353.8649,164.8221,138.431,283.3464,361.6148,247.3277,145.6123,203.408,438.6604
2013-06-21,605.1901,212.3932,135.0438,351.9631,159.9461,138.552,291.3105,356.7887,246.666,142.6553,204.1688,442.4809
2013-06-28,606.1645,206.77,139.0173,357.0045,158.0145,135.9222,294.6649,360.252,246.8702,141.6728,202.984,440.3978
2013-07-05,583.2372,213.9419,140.7799,354.9622,155.6848,135.5576,283.5966,355.5855,242.5302,142.2802,209.4397,437.2297
2013-07-12,602.7092,211.998,141.0599,369.5886,155.5787,135.4692,278.7071,352.2551,241.7547,142.6912,211.9949,435.9354
2013-07-19,603.3421,211.5452,142.8492,366.3912,154.7217,133.7803,280.617,364.805,242.9826,140.873,209.2871,432.4327
2013-07-26,616.0558,215.2658,140.4735,373.044,155.962,132.6705,274.5486,366.928,244.2156,140.4718,211.3346,427.6027
2013-08-02,599.38,216.6683,134.6462,364.2489,159.6533,133.6596,274.6066,357.802,246.1549,139.5746,205.4022,433.8722
2013-08-09,597.2107,209.561,136.0115,356.7246,160.0449,128.7216,271.0393,350.5852,239.5119,138.7465,216.7138,426.3793
2013-08-16,611.7744,216.2906,138.9438,351.6624,163.3246,129.1072,268.9001,345.8287,238.971,140.899,216.2641,426.1257
2013-08-23,605.4409,207.3704,140.3209,348.2276,162.2587,127.846,265.3607,343.384,239.7356,137.6844,221.9059,438.0162
2013-08-30,593.9766,198.7921,139.1022,344.7891,159.8029,127.3275,271.5112,344.0899,236.1289,138.7552,221.8582,414.2981
2013-09-06,603.677,199.7816,138.8162,352.6882,158.795,126.77,269.0537,341.6644,230.5359,138.0003,218.3534,413.8428
2013-09-13,599.3156,196.3201,138.2216,350.3948,159.1349,127.2674,272.9139,356.1568,230.1254,137.8634,222.0127,416.986
2013-09-20,616.8147,193.3345,134.0616,364.126,160.3978,128.0943,269.0345,341.9074,223.1695,137.082,223.2344,408.5069
2013-09-27,610.3631,194.0635,133.5666,361.1932,158.7943,128.9199,272.8987,333.3088,223.8886,138.1932,216.9599,391.4431
2013-10-04,636.5807,200.6571,133.3091,357.7133,155.579,133.4829,266.972,330.8487,218.3306,138.0441,214.6167,384.089
2013-10-11,615.2641,198.9626,132.1897,346.7647,157.3521,128.2328,266.1602,328.2739,223.0995,138.1052,219.4132,390.7192
2013-10-18,622.1124,196.4645,133.5235,346.1647,159.294,128.0769,265.6203,329.3443,224.0678,143.9426,218.5723,394.5751
2013-10-25,609.5795,189.6486,127.551,355.7272,156.9431,128.8921,266.9834,325.6782,222.916,149.8436,220.2713,382.2861
2013-11-01,604.5882,189.6499,125.3195,355.7845,157.2827,129.4739,265.9439,329.4099,224.3499,150.0676,215.2741,373.2303
2013-11-08,584.1413,193.4785,122.9019,362.7454,159.6842,126.6467,261.19,330.2753,221.7781,151.899,217.7125,366.3897
2013-11-15,570.4178,197.9151,123.6049,369.4175,158.2368,125.7509,263.7524,331.2357,222.9361,152.7329,224.0204,367.6547
2013-11-22,550.3336,196.0053,124.7167,366.7615,158.7162,122.1043,264.9765,329.9506,221.5983,154.5526,235.441,383.2099
2013-11-29,551.5224,196.2271,120.1836,371.6991,161.8982,123.9152,274.0072,326.7181,218.7918,153.865,229.8496,393.2237
2013-12-06,566.5443,201.2245,121.3106,375.7987,162.6652,124.4419,271.4497,327.2497,222.3139,155.1056,231.5024,386.2598
2013-12-13,584.2125,198.2413,124.4294,378.3081,161.1984,121.3829,266.5002,333.1526,225.3529,154.4073,237.6484,387.0599
2013-12-20,581.7789,198.2509,128.0822,380.9912,164.2932,122.3218,265.059,328.3545,226.0414,154.2395,226.1385,396.4041
2013-12-27,574.2085,198.3236,130.9218,378.4497,164.3534,121.3778,264.0662,331.3721,227.1087,154.9887,229.7966,389.7429
2014-01-03,589.557,200.379,128.2277,372.6507,165.741,116.9891,253.9125,328.4449,228.4935,154.611,230.8429,397.0463
2014-01-10,584.3157,200.5504,127.7268,382.2855,162.6569,118.7694,258.0503,329.0611,237.2481,157.6428,232.2144,390.3254
2014-01-17,601.2155,195.075,129.9544,375.1394,160.3773,119.4172,266.3991,327.9052,240.019,162.0655,229.2843,386.0853
2014-01-24,591.8939,203.2884,132.1681,365.6707,159.4211,120.4678,275.3101,327.2961,239.5793,165.1818,227.7374,391.7328
2014-01-31,599.5192,202.0162,139.4934,372.4505,159.4004,120.9462,276.6264,323.0127,237.17,162.8163,228.1595,391.1294
2014-02-07,607.3376,208.7845,141.0488,372.3863,156.9465,121.1408,277.9525,323.918,245.4171,164.1171,230.4807,389.0163
2014-02-14,598.9309,209.1898,138.9537,372.3134,161.3203,123.0529,274.9075,329.238,236.5227,166.473,230.2858,390.5053
2014-02-21,621.1098,208.425,136.9306,372.6101,160.7651,122.2932,268.5902,333.6098,235.4118,167.165,233.9044,378.9803
2014-02-28,625.0373,208.8242,138.4494,373.6264,157.7958,122.3043,265.3416,328.4444,239.9291,168.8431,232.2315,379.8086
2014-03-07,604.259,210.724,135.0298,375.2198,152.7699,123.6238,270.1382,331.5214,236.0884,175.9062,236.7752,386.0053
2014-03-14,624.6395,219.6914,133.4569,386.2683,151.4626,124.5818,266.5213,325.413,232.4202,182.7404,231.3193,393.7315
2014-03-21,608.964,225.4267,131.4369,390.7211,154.6181,124.2687,270.8837,329.7718,238.573,183.8233,226.1609,399.9861
2014-03-28,622.2677,232.1895,130.7606,392.7564,151.4921,124.0932,269.2573,329.7339,245.9222,185.7558,227.5408,402.1768
2014-04-04,640.8022,236.9634,135.0678,381.0386,148.9589,125.8031,272.0596,330.0503,247.9326,187.0563,230.1022,398.0865
2014-04-11,643.4683,241.3782,138.9743,394.4468,148.8885,127.4208,263.9146,322.3174,250.4847,188.6447,225.975,404.5553
2014-04-18,625.2733,246.0614,134.5579,389.5828,148.3622,129.1922,260.9064,324.002,260.9942,194.9588,229.1332,401.3885
2014-04-25,622.4367,246.5698,136.6648,398.3445,145.3366,126.0367,259.2732,328.3103,259.6084,198.0574,228.9978,403.2437
2014-05-02,593.1154,238.5206,138.6131,403.4785,144.6276,125.8889,262.4378,337.2048,261.5469,204.3245,235.2609,412.0855
2014-05-09,605.718,233.7416,143.9044,410.5975,145.5275,124.6393,263.0993,345.7165,260.7381,200.8077,237.3753,409.3799
2014-05-16,599.7441,235.4854,150.8416,410.1201,149.5261,124.7194,265.6132,339.5773,265.2192,201.9427,246.1028,419.3869
2014-05-23,609.5776,248.0337,158.0022,420.5149,150.6973,123.8231,268.2009,332.5628,257.7196,206.1615,254.8312,423.3691
2014-05-30,603.1774,243.063,159.6601,426.5095,152.2093,124.1173,268.4057,337.4005,253.925,206.1706,258.4418,423.5568
2014-06-06,597.2816,242.7402,159.2519,440.9435,151.7511,126.3839,275.3092,340.1266,254.8074,213.9233,260.211,404.87
2014-06-13,595.7992,244.4342,161.2243,446.3193,152.7187,121.963,278.2488,347.7446,257.5799,214.0208,265.7851,406.1995
2014-06-20,605.0177,251.5361,173.1509,435.4579,154.4207,124.7883,282.0651,350.159,259.8287,216.5367,266.0722,394.7535
2014-06-27,616.855,253.1941,177.532,440.9061,154.4342,125.3083,283.9747,353.8323,262.2129,212.2351,271.5677,398.8701
2014-07-04,619.6262,254.9569,176.0503,444.3302,156.2854,123.6766,284.6029,351.0597,257.7597,219.5595,279.0164,385.7198
2014-07-11,602.6149,253.7642,178.1372,441.5553,158.7989,124.4658,295.7624,358.2821,262.1645,222.8898,288.0898,389.4611
2014-07-18,613.6797,245.8961,179.9328,436.3128,160.0007,126.7131,292.284,350.7401,265.9467,231.6212,298.4599,399.5904
2014-07-25,614.1631,244.6969,181.007,440.6929,169.1396,128.3084,292.3684,341.8942,266.9456,233.3578,292.0297,400.1726
2014-08-01,602.051,244.4036,189.368,446.0356,171.6904,132.4279,280.3708,347.2457,262.8431,232.5244,287.6477,393.594
2014-08-08,608.2966,241.5673,173.859,450.8937,174.7685,134.5041,279.7359,352.9223,267.0471,228.132,289.5507,398.2406
2014-08-15,592.6786,249.0696,165.3153,465.8742,179.837,132.5216,283.4601,352.9064,275.4841,229.068,289.8629,395.5572
2014-08-22,598.548,244.6384,168.0684,475.0875,181.7903,134.4404,281.9285,357.5026,276.4161,231.3644,297.9265,394.2209
2014-08-29,621.4534,243.8633,168.3229,469.1143,186.1044,132.7106,287.2147,364.1173,282.899,232.8306,302.4333,398.2192
2014-09-05,633.0591,246.1604,176.9434,465.4658,185.1965,134.3206,292.9727,366.0252,289.0224,238.7772,311.4998,404.9165
2014-09-12,630.684,247.8899,170.5069,460.1043,192.5353,130.6418,294.9357,377.126,292.8396,244.6427,303.6648,419.7643
2014-09-19,637.8952,241.0499,176.5443,464.9646,188.7912,133.4863,297.7166,381.4593,289.5919,243.6323,294.2592,414.8987
2014-09-26,637.0888,243.9529,178.0432,460.8484,187.1158,134.8799,293.2087,382.3827,293.6839,248.7095,289.6514,431.4504
2014-10-03,639.462,246.9933,176.2485,456.7222,192.0008,135.4685,296.2174,377.6153,289.8905,250.7331,298.9383,427.4697
2014-10-10,652.7944,247.4309,174.8217,449.2945,196.4785,137.0129,296.1584,377.8801,284.7833,255.3071,305.1833,443.5121
2014-10-17,662.0907,254.8746,175.1008,454.8026,205.7666,136.5692,294.2665,373.3835,300.5118,258.3978,298.8618,453.9279
2014-10-24,657.1441,251.9301,173.6524,464.1037,207.9705,136.7482,300.9634,374.4417,302.8055,261.6814,300.58,461.8094
2014-10-31,664.6215,251.1537,173.4234,450.5467,207.4678,136.6163,307.8967,370.7761,305.7474,260.4431,295.81,472.5417
2014-11-07,676.9308,244.3022,176.475,451.5397,205.8873,137.8455,316.9864,376.4939,313.0475,264.9287,300.4354,468.6959
2014-11-14,685.2322,246.2213,181.2029,457.6719,211.6193,140.4393,315.8925,382.7959,329.2873,253.7337,298.7391,491.6599
2014-11-21,680.7918,249.7764,172.9547,455.589,213.3839,141.3485,311.4884,379.0313,333.141,253.9785,302.3051,494.555
2014-11-28,683.2185,251.0911,173.0891,463.0278,212.8129,142.722,318.7397,388.7383,334.0748,255.854,303.1661,497.2027
2014-12-05,686.3285,249.7767,175.8277,474.2296,215.8447,142.8836,320.5798,395.2316,336.5113,257.5183,302.8869,504.8407
2014-12-12,687.1414,247.2594,179.5666,482.6231,220.3638,141.827,332.5611,396.3285,337.6652,260.0036,307.8931,501.2924
2014-12-19,698.4948,250.1146,176.8435,479.6743,227.7841,142.5699,332.9224,400.01,340.2308,263.3608,314.7844,514.8211
2014-12-26,711.2585,245.1068,183.7158,495.6389,230.6332,144.7842,334.5989,392.7067,347.0035,269.3417,313.6662,522.7968
2015-01-02,717.0163,243.7462,186.6125,498.5036,228.8543,146.8263,331.2054,394.1974,357.4338,264.4055,320.5455,531.3742
2015-01-09,690.6545,241.9938,191.776,509.2971,234.8443,145.229,326.705,399.7653,356.4368,263.658,324.3479,540.3835
2015-01-16,724.9381,234.6976,198.5587,507.9545,234.8445,143.7154,332.4333,410.9529,363.6614,261.6264,329.0675,544.4058
2015-01-23,735.8787,233.697,193.0312,518.1251,230.3769,143.2234,329.4321,413.8683,368.0573,255.2719,320.664,544.3627
2015-01-30,723.0737,235.8407,200.8749,510.9859,226.1048,141.5207,326.3909,412.6294,367.5041,259.7465,323.6809,541.9822
2015-02-06,742.2827,230.1406,209.2636,517.4622,226.5485,140.8084,344.5104,422.9101,377.5603,270.3905,315.4001,549.5353
2015-02-13,753.352,228.5209,205.746,518.9603,224.7882,144.5084,342.8869,439.6158,382.7361,266.6874,320.6073,553.1178
2015-02-20,762.8732,233.3337,207.8942,514.7575,231.8096,143.4042,335.96,442.4331,383.5013,260.2246,330.1184,552.9576
2015-02-27,752.5021,244.3211,203.1507,516.0991,231.2143,141.9729,332.6132,446.313,382.3328,263.5719,329.9335,558.6672
2015-03-06,779.986,243.453,202.3048,517.1201,230.9367,143.4029,336.6521,452.4762,379.9893,267.6927,330.8669,593.4305
2015-03-13,776.5298,246.501,200.4391,525.3027,237.6007,145.8724,336.6842,445.2859,379.4223,267.8547,335.1798,608.493
2015-03-20,739.0813,250.6522,199.0251,528.3294,239.3608,146.302,332.9613,448.7588,382.248,272.7897,321.4352,603.6705
2015-03-27,763.8799,250.1612,193.7863,530.8173,243.8671,148.179,332.4004,445.522,377.4253,273.8966,319.8648,613.8425
2015-04-03,765.5335,239.8418,193.3544,539.3656,246.2963,151.4102,319.5607,458.6612,384.0758,270.9381,321.218,611.7567
2015-04-10,769.6009,244.4115,185.7064,535.8773,248.5106,151.192,327.7545,451.4603,388.9723,262.5376,320.7852,586.0374
2015-04-17,769.9687,251.624,187.4547,545.0031,246.1942,149.7366,326.6855,455.0766,388.5724,263.6272,310.6931,594.5501
2015-04-24,786.8522,259.9975,190.5091,549.7187,243.5564,148.0036,324.6198,462.6253,391.3823,264.796,320.3744,591.0266
2015-05-01,806.3523,257.7299,190.002,550.5133,239.9807,146.4778,321.0761,469.2099,388.4045,264.3042,327.3036,590.3366
2015-05-08,823.1964,267.3349,193.5057,540.0553,239.9473,142.5118,326.6212,476.9152,388.305,277.9065,329.9457,578.7436
2015-05-15,826.0657,276.8067,195.9493,533.6005,239.6366,142.3636,326.0525,475.1567,377.7612,285.0143,326.9408,581.3673
2015-05-22,837.2345,279.6147,203.4485,537.8948,236.3167,146.1483,324.7459,467.0987,379.9507,281.2176,328.0287,577.5498
2015-05-29,820.7751,279.7381,204.8047,543.3764,232.6403,145.8911,320.8519,471.1298,376.7869,288.2741,332.8576,561.4138
2015-06-05,805.0225,271.1145,205.0599,543.6085,225.4938,145.6601,323.1834,473.0972,378.2797,288.3206,324.844,561.3502
2015-06-12,829.6331,278.6529,200.3923,536.7339,231.7892,145.2175,318.5009,474.8759,375.2249,297.2184,325.0004,544.3234
2015-06-19,811.694,284.9024,200.3864,527.9711,236.4117,148.2019,317.1177,474.8428,366.9358,293.0555,334.8247,550.5409
2015-06-26,803.4562,289.7566,192.9777,525.3111,236.1626,148.6998,322.0622,476.7104,356.8913,292.8037,340.4063,554.1594
2015-07-03,791.511,279.142,195.1734,511.8352,232.9618,147.7971,320.9034,475.9563,357.1559,300.0084,336.8836,541.5817
2015-07-10,793.3671,290.0381,195.876,509.1045,236.4963,148.6246,328.545,483.2169,355.2847,297.4902,337.237,547.3296
2015-07-17,819.9927,292.1152,196.7704,506.7101,235.7316,146.9725,315.7783,490.7207,356.3706,293.802,338.3576,550.9276
2015-07-24,792.2171,295.0096,202.9471,516.3041,234.2427,145.7409,310.499,483.2846,358.8031,301.8153,338.0228,553.4258
2015-07-31,790.6772,305.29,209.3662,515.7514,236.7708,144.6976,311.3158,490.776,359.0475,307.7608,335.9484,551.1582
2015-08-07,768.1643,303.9752,211.2912,530.3201,232.3597,147.4277,306.7481,486.6874,357.54,307.6387,333.9831,540.355
2015-08-14,781.4344,303.7642,206.1972,533.175,235.5901,145.9765,303.1113,497.2761,346.5091,304.333,335.4025,548.3967
2015-08-21,792.4083,304.252,199.892,531.0438,240.5318,147.2626,314.7134,490.0678,333.7615,304.2045,335.2435,555.3008
2015-08-28,821.2727,298.6848,196.7718,533.9826,241.0305,143.4069,301.291,481.9978,334.3534,303.814,333.3748,550.3839
2015-09-04,838.9057,302.6832,198.7337,517.698,241.3482,142.786,304.578,480.2524,341.052,308.5502,332.6466,585.6435
2015-09-11,872.6641,297.3604,196.2996,514.3585,244.2214,144.3725,296.6214,478.502,340.3402,314.0948,337.6172,589.9434
2015-09-18,884.6674,300.2789,189.8199,508.2481,242.0636,145.9062,295.4967,463.2597,339.237,314.7366,344.4316,592.4716
2015-09-25,858.7593,314.0902,186.5862,517.2684,240.6556,143.6108,293.2133,450.959,343.55,319.6374,353.4426,592.8577
2015-10-02,849.8825,313.5805,183.7583,538.7392,237.1624,142.9658,289.8958,440.5521,342.0598,315.1633,352.2095,601.9914
2015-10-09,829.9214,317.6636,182.704,522.4882,235.6015,143.363,289.0913,448.6856,338.4266,315.1829,339.8798,588.0614
2015-10-16,848.3758,321.9637,186.254,527.2079,228.7658,140.6127,288.7961,446.5466,341.5666,319.9097,326.8966,571.6896
2015-10-23,801.3427,315.5738,186.5991,518.6142,219.6734,142.2554,280.2835,440.1284,351.6217,322.1247,322.8953,586.3243
2015-10-30,802.569,320.8496,185.0863,519.2762,213.0426,145.548,276.07,439.0829,354.7551,323.6469,300.0693,582.8988
2015-11-06,813.1813,331.2656,189.9815,519.6931,208.5719,146.5775,268.3325,441.1012,353.3902,322.7787,306.8484,584.6662
2015-11-13,789.2522,322.4352,190.9899,522.4707,206.268,143.7439,275.434,431.4451,348.3427,320.2679,307.3933,585.491
2015-11-20,780.4974,335.8391,200.6416,533.0124,206.593,142.8309,276.561,432.3507,360.1403,317.2382,304.9554,588.9968
2015-11-27,772.9871,328.5971,196.015,520.983,213.1062,144.5126,271.7614,427.3819,365.6966,307.4211,301.6548,589.0567
2015-12-04,772.0578,330.5539,196.4351,514.9129,211.2999,143.7941,272.042,423.7496,371.0429,306.9924,304.894,613.2693
2015-12-11,768.0426,316.241,201.3103,510.0064,208.2105,144.6374,273.0305,422.3843,374.5956,305.4625,302.5038,621.0894
2015-12-18,783.6327,321.5391,201.2758,492.9219,207.0928,142.0157,272.0573,418.0368,382.5573,307.8237,296.9643,605.8848
2015-12-25,808.8926,325.3963,207.0605,486.1819,207.5532,140.6008,266.7821,419.0438,376.8079,309.4478,288.9405,603.2748
2016-01-01,822.9715,317.1285,203.9261,488.0649,207.2229,141.145,265.9104,420.5919,360.228,305.9908,290.3759,615.8976
2016-01-08,798.9492,304.4217,209.6423,489.6144,204.4572,142.9414,263.5002,428.6561,357.4993,302.5199,287.2262,604.8923
2016-01-15,818.875,308.192,207.0176,484.4739,205.6975,141.5497,257.7868,430.4729,349.4398,300.4075,274.8291,591.4951
2016-01-22,831.5677,303.9068,210.8643,471.9177,204.5125,141.9951,260.3235,420.7639,356.181,299.5153,273.1154,585.1381
2016-01-29,860.5717,307.9227,213.2718,470.9878,204.3985,144.6639,259.2947,414.0086,355.2522,294.8613,274.3859,558.5827
2016-02-05,862.5366,308.9926,212.7318,463.3273,203.4599,142.2331,261.0248,411.8478,366.2661,294.7707,274.2628,550.1753
2016-02-12,917.2869,314.4731,208.8698,465.4611,204.6558,137.643,263.4658,420.5935,375.912,293.4078,271.115,561.298
2016-02-19,941.2367,310.7747,208.9456,472.544,202.8209,136.4038,260.3269,418.6109,370.5134,293.6218,271.7364,547.53
2016-02-26,935.0556,300.2219,206.0514,462.4116,203.6019,136.2632,259.3806,410.7354,369.3519,287.6411,272.8002,538.5826
2016-03-04,946.5847,286.8755,208.3632,462.5062,201.7809,136.6572,257.1988,412.2309,364.9433,291.398,270.2963,528.0325
2016-03-11,972.1365,275.634,210.0009,450.3847,203.6944,135.2289,254.5425,406.0371,362.4614,292.8069,268.0357,530.6899
2016-03-18,966.187,274.7536,208.9106,458.3964,203.1259,135.2052,254.3443,402.0271,358.4841,296.0899,266.533,521.0822
2016-03-25,951.9098,273.3279,202.3833,458.1299,201.1773,134.6999,254.53,404.576,353.6711,294.5996,272.9824,515.9993
2016-04-01,961.5282,274.4491,198.8449,456.4154,200.1952,137.2263,257.7029,404.1384,354.4327,296.8082,269.7821,535.7436
2016-04-08,951.4279,274.2067,195.2359,443.6831,204.8672,135.3951,247.8982,402.602,354.3225,297.1551,269.689,534.0038
2016-04-15,940.9474,276.0672,195.5453,452.3554,204.5745,134.2819,246.033,395.9217,358.3422,295.8596,265.3699,530.9104
2016-04-22,931.6543,266.7254,195.9399,452.2659,198.1611,136.3467,250.8346,391.8145,355.8326,292.6194,264.6879,538.8473
2016-04-29,923.0524,280.0699,200.9169,452.1116,195.8421,130.7267,253.6563,405.0368,352.3142,289.1242,266.6536,560.6527
2016-05-06,905.7121,281.7567,201.9346,453.4819,191.6356,129.3909,257.9533,398.4333,345.9395,290.8152,259.8418,550.3238
2016-05-13,884.4237,266.0515,205.1817,452.8944,189.508,126.2645,262.3635,396.8166,347.4919,283.0205,255.4151,562.3996
2016-05-20,894.7699,278.962,200.7952,442.7616,183.6045,127.2164,255.4987,391.2371,351.6761,275.8997,265.2768,563.0822
2016-05-27,865.9497,269.2596,205.7781,441.3812,182.2904,129.9269,257.8653,389.5082,347.1951,267.5349,266.1383,546.5178
2016-06-03,887.7256,270.8666,208.3241,443.0936,181.6378,129.0805,261.923,385.9974,350.6174,260.7255,259.7524,542.5901
2016-06-10,909.3581,263.2792,206.1726,444.8992,178.3547,125.5858,250.6619,387.923,349.0735,262.7795,256.3855,534.7414
2016-06-17,934.1701,267.6539,214.7531,434.966,174.3051,123.6224,251.2505,380.0458,349.5664,256.3502,259.3694,546.6989
2016-06-24,932.0772,272.0467,210.383,435.1904,175.5506,122.2829,248.005,387.6754,357.7705,258.989,263.3189,533.1721
2016-07-01,909.1675,265.4219,209.807,447.8868,176.8544,122.2415,245.9444,389.3074,361.8256,256.802,259.7444,521.5096
2016-07-08,895.4724,264.4587,204.8554,448.718,176.4194,125.5499,250.125,398.679,366.2454,248.9365,262.2779,531.2231
2016-07-15,909.2986,265.4534,202.9598,447.9195,178.808,127.3424,252.374,394.4735,377.7101,245.63,258.3995,529.4485
2016-07-22,909.9882,265.3511,202.8144,444.7007,177.1411,130.2401,252.0665,387.7266,381.1944,249.0628,263.672,538.2066
2016-07-29,901.0918,260.8681,200.1955,438.9791,178.7688,129.4125,248.5001,394.6107,387.4775,249.959,253.4585,532.9033
2016-08-05,945.13,265.1586,205.6584,435.5051,179.8019,126.6641,243.6423,390.7325,375.9933,252.5763,250.8815,531.5496
2016-08-12,937.435,256.8917,206.6459,431.015,177.3612,124.7464,237.8923,389.8668,367.9629,254.2063,253.1268,534.7734
2016-08-19,955.6818,258.5085,206.0095,432.6524,179.0882,125.2237,231.2001,389.7945,376.7069,255.4934,244.1501,533.7117
2016-08-26,925.2303,264.6406,199.9216,436.6636,176.8822,121.3704,223.3004,390.0062,376.334,252.4868,241.441,531.7346
2016-09-02,955.5778,270.1548,199.4107,425.1801,176.1067,119.678,225.4302,387.433,382.9329,250.1067,240.7154,522.1677
2016-09-09,988.7335,266.8495,200.9527,428.4382,174.4145,120.1845,222.1267,380.983,388.7594,247.9788,242.1878,515.467
2016-09-16,983.9742,268.5255,193.8573,433.7077,174.7613,120.2955,223.1352,368.4706,391.4684,248.1993,245.8881,506.3554
2016-09-23,1000.2326,260.454,194.9789,438.9603,176.0092,119.5445,218.8947,369.5214,397.9692,249.7425,243.9718,503.2716
2016-09-30,995.3337,270.1619,196.3819,440.056,176.6297,119.6787,205.5679,367.4981,395.9952,254.3584,249.0203,503.294
2016-10-07,964.6957,267.7732,196.6731,447.6236,176.7131,120.9625,205.4515,379.3056,382.1635,251.476,243.6826,491.9685
2016-10-14,957.2198,262.8228,198.7764,466.7743,177.8568,125.0205,206.306,376.1598,381.8411,255.6691,243.7048,493.4533
2016-10-21,937.9055,249.9369,197.6172,465.6119,178.468,121.6436,200.8193,375.6449,381.6667,251.9737,241.4394,502.2527
2016-10-28,980.1445,248.2973,196.1168,456.601,177.4796,119.5485,205.2879,367.7975,383.6926,248.1406,241.6843,517.2388
2016-11-04,957.0598,252.9544,197.4089,471.9693,175.4873,122.8194,204.3895,364.1987,387.3252,251.8139,250.013,514.1595
2016-11-11,938.504,253.4388,194.8598,478.9202,177.7126,120.4465,208.2909,365.4737,382.3315,249.4965,251.7442,521.2669
2016-11-18,928.6079,246.2246,195.3538,479.6461,174.967,122.8406,207.8734,362.6854,378.7092,246.7971,255.4221,514.3519
2016-11-25,906.0857,243.5367,192.0601,483.0868,175.704,125.2681,209.4412,354.9125,384.7774,250.8885,255.3754,520.8976
2016-12-02,881.11,242.6182,189.134,481.2485,179.4647,126.5497,213.0818,360.0258,388.259,254.6517,252.04,519.1878
2016-12-09,874.4175,249.3392,177.5768,486.3694,181.7246,127.5162,210.3744,352.1449,401.7517,251.3375,258.1814,530.9725
2016-12-16,834.8056,252.4481,188.0238,485.0601,183.4878,123.0331,213.4134,359.1005,396.2653,254.2502,252.4523,535.5267
2016-12-23,848.623,245.0956,193.9879,482.7083,182.1546,124.5564,213.4944,350.6959,396.3666,262.1241,250.5531,530.207
2016-12-30,805.8987,248.5945,200.9719,494.9475,182.8628,125.4633,212.4099,350.4195,406.9943,262.3244,249.693,530.8464
2017-01-06,835.1863,250.514,207.9017,510.0776,180.6434,125.589,209.6814,351.7293,402.5214,263.4181,248.0076,537.8374
2017-01-13,833.3748,252.6449,198.8775,503.6752,183.549,126.113,209.8721,356.9479,399.6726,259.5318,243.0047,550.1892
2017-01-20,839.0257,265.1424,197.9654,516.4272,186.2506,126.5145,210.1997,356.179,404.3284,256.8222,241.1676,551.9985
2017-01-27,812.2529,267.8078,193.6148,522.0639,187.6404,126.2309,205.6359,351.1596,418.4578,255.9532,232.8636,549.4801
2017-02-03,817.5133,266.3854,198.1425,523.5977,189.4505,131.1573,205.495,349.3986,413.1748,245.6371,240.9641,570.5507
2017-02-10,840.9721,273.9454,202.7819,524.5288,181.3995,131.34,203.7999,347.5943,432.0377,250.0451,240.1278,561.2607
2017-02-17,808.9473,287.9941,202.5242,534.6257,175.1775,129.4696,206.9982,356.7025,430.3349,251.1939,251.2798,583.7546
2017-02-24,812.7859,286.7589,206.0422,534.7285,173.7652,127.2714,208.5636,360.0681,432.1812,249.5515,249.3073,585.3294
2017-03-03,834.9479,291.9097,213.7252,543.46,173.0058,128.7152,210.6901,356.2571,421.5499,253.6805,249.5042,576.3174
2017-03-10,807.1719,302.9297,227.0694,544.7656,175.1431,126.1564,212.5256,349.6112,426.3364,258.636,258.5668,588.7618
2017-03-17,809.058,306.701,218.1968,544.5477,180.2047,126.9875,207.5672,353.8659,440.3729,257.2906,249.3792,599.9424
2017-03-24,775.3203,310.2122,207.7017,528.9688,184.3141,124.6577,207.8926,366.1928,459.2409,257.0368,258.241,606.0057
2017-03-31,769.6071,311.7555,204.5973,523.9695,180.7553,124.3365,208.6459,374.9057,460.1433,260.2883,252.4399,614.619
2017-04-07,794.2495,310.8727,212.6174,516.6168,185.3832,122.0427,215.9101,371.946,464.9344,259.6959,262.2937,599.946
2017-04-14,746.0202,313.1524,208.7763,510.6798,188.0815,120.4013,217.9794,373.7372,478.0817,261.634,262.004,603.5514
2017-04-21,771.3808,317.3027,214.7874,519.0607,187.4786,120.7138,211.3991,382.577,467.5677,254.7188,259.0146,608.9031
2017-04-28,770.4318,322.1357,208.2022,531.7701,190.6641,117.5467,212.1896,379.8968,478.8605,243.7915,262.1673,587.9585
2017-05-05,800.1587,332.5617,211.7424,535.9835,186.8753,120.1018,213.9277,372.7244,482.6549,249.0095,273.6153,607.1304
2017-05-12,798.753,332.2745,223.3045,537.1188,188.3893,119.8145,212.2749,381.3241,485.2278,250.3781,275.6407,624.8626
2017-05-19,834.7378,341.5294,222.9024,532.9106,188.2516,122.5941,206.9613,378.4463,490.3667,256.5717,278.4208,649.0006
2017-05-26,862.3026,345.2505,231.8576,534.5598,189.1886,122.6891,207.9331,386.5217,487.6416,254.7491,279.675,648.7327
2017-06-02,874.0198,345.9939,233.3951,533.7788,184.9469,122.6881,210.0566,384.27,487.246,253.1015,272.5398,643.6141
2017-06-09,865.2942,350.9155,235.9584,536.2177,184.6591,122.5091,212.2143,387.1246,468.0491,258.4175,279.575,664.2553
2017-06-16,907.1145,351.8266,240.169,524.1598,185.5517,126.3812,211.7538,385.2652,471.5124,263.703,277.9639,682.2671
2017-06-23,895.4134,349.6461,250.5458,530.9318,185.3196,130.1095,208.8608,383.118,478.8326,261.6331,271.7351,692.6786
2017-06-30,914.1599,348.3036,247.9127,528.0795,186.7439,130.7862,214.9245,391.053,471.5572,267.7097,269.833,695.6658
2017-07-07,896.4205,347.9899,248.4652,538.3456,185.5593,133.8249,213.1154,390.3247,471.5269,262.3433,271.8549,708.4485
2017-07-14,911.8208,359.603,254.3726,544.7346,183.5526,131.034,214.2983,386.6437,464.0704,272.5198,267.0586,714.4163
2017-07-21,907.6623,365.4066,261.1077,559.4448,181.8858,132.2705,216.5399,390.6754,470.0493,284.9787,265.1039,720.113
2017-07-28,906.1224,357.31,263.6391,543.7177,178.7654,130.5705,222.0474,400.583,470.4293,288.406,261.6241,758.743
2017-08-04,926.0019,372.0952,268.6449,557.5191,179.513,132.4823,221.3909,405.7725,466.8363,287.85,273.7362,752.4215
2017-08-11,907.839,383.7271,270.3366,558.3719,171.2936,128.6237,218.3587,409.4519,466.7437,278.8569,286.0617,744.0382
2017-08-18,918.3807,386.7218,272.4552,559.0265,171.1466,130.1724,219.9878,412.6572,461.1387,283.1196,282.9433,754.2066
2017-08-25,920.7167,388.9212,275.6844,564.7224,173.6039,127.1108,220.0528,407.5664,467.8298,283.6138,273.842,764.2898
2017-09-01,934.4403,398.8699,276.4397,568.6062,171.8772,130.4347,219.0432,413.4002,479.0527,282.6295,273.9084,782.5535
2017-09-08,931.5494,423.3322,273.0813,577.4039,170.0552,130.3544,220.1325,413.0454,485.7147,285.2047,276.5631,784.0723
2017-09-15,908.0412,426.4613,280.7638,578.3599,171.9669,131.1643,220.6139,409.3141,479.2968,288.1542,284.1967,804.2464
2017-09-22,896.1472,437.3013,275.496,584.6226,171.1868,132.962,220.2365,412.378,471.0473,294.447,293.4803,784.7845
2017-09-29,907.3504,443.19,282.0001,606.9769,178.5222,133.7191,225.7956,429.3498,467.9178,298.6665,294.6202,789.8067
2017-10-06,912.9522,456.5524,278.6204,622.4661,174.4248,129.5747,230.029,436.5007,455.7936,302.4116,296.8876,817.9408
2017-10-13,943.9597,456.5898,281.8494,632.4673,168.5404,126.489,233.3284,429.1622,450.7766,303.4654,306.0569,825.3947
2017-10-20,915.9521,463.436,268.1403,630.6177,164.9649,122.1913,231.3938,428.7718,446.8842,305.9411,313.5526,824.9
2017-10-27,915.3049,453.9178,273.9955,614.0888,161.552,121.6264,236.6504,432.1024,454.0626,311.8176,314.706,831.1983
2017-11-03,890.0028,453.2279,276.9761,616.9328,162.6166,122.0662,242.0487,452.9295,461.1309,323.874,329.3295,854.2969
2017-11-10,942.2286,456.1195,268.1454,631.035,163.66,122.0466,249.2487,453.418,462.4243,318.3583,330.5764,851.2887
2017-11-17,963.182,457.4897,269.0224,641.1844,161.6488,120.6296,242.1215,466.0638,471.2727,317.832,327.8231,825.5965
2017-11-24,974.6944,460.537,284.6531,641.6646,157.298,119.6841,235.8157,476.6877,492.5009,312.8467,321.6135,829.5539
2017-12-01,1004.398,476.333,302.9767,646.928,155.5567,122.4199,233.5071,481.0989,496.8099,315.7176,324.2021,832.9396
2017-12-08,1038.6316,484.8062,303.2303,650.7564,154.5611,121.6668,232.8264,484.3337,501.4232,320.9483,324.6535,837.3237
2017-12-15,1039.5656,471.2262,308.559,640.0883,154.7842,119.0262,233.416,489.9098,492.5866,324.3064,332.8653,864.1551
2017-12-22,1076.497,468.9675,316.8716,642.6178,155.046,122.5586,232.8985,503.7607,505.5236,323.4451,338.1213,878.463
2017-12-29,1120.3023,485.2912,314.5461,654.7921,161.0129,121.3792,238.3757,513.0578,509.3542,327.8549,344.7273,913.6255
2018-01-05,1066.5428,488.4883,322.3157,655.0434,161.2877,118.0933,243.3286,506.0379,508.9604,325.7142,346.7432,922.5536
2018-01-12,1073.4049,503.3087,312.0387,657.6119,164.6056,116.328,238.5606,498.9572,509.6975,331.3085,351.3631,918.222
2018-01-19,1128.2959,513.0845,302.1478,665.6914,166.0031,116.8405,243.3524,498.3197,509.3768,334.3834,352.7321,905.3559
2018-01-26,1139.7605,499.1794,310.7049,665.6689,163.0806,117.7224,240.7204,505.4869,515.8181,330.0433,351.4103,907.3048
2018-02-02,1085.4239,531.8365,312.6802,674.6107,164.2449,118.1874,244.7878,509.3891,514.7189,336.211,357.922,954.1946
2018-02-09,1088.6227,534.6942,316.372,682.2818,165.0131,118.4297,251.0507,512.9392,522.2782,341.2154,370.6194,983.6667
2018-02-16,1131.8085,544.8785,323.6965,685.8938,167.4173,117.0335,251.8053,513.8974,519.8114,346.473,389.0265,975.8796
2018-02-23,1133.7509,569.1651,327.6975,697.3855,167.3027,119.3807,247.6774,510.4085,526.6602,353.0323,389.835,993.4495
2018-03-02,1142.9567,587.4481,335.1584,714.0675,163.3746,121.5718,246.8553,512.7566,538.0439,348.6441,384.8655,1036.7152
2018-03-09,1128.7412,590.7333,340.7988,703.6814,159.5514,123.6319,246.2614,508.8787,548.8105,351.4679,391.7578,1033.3116
2018-03-16,1107.5357,572.8223,342.6651,689.8279,158.5787,122.8409,250.0921,510.9689,539.2158,347.213,386.7588,1051.4316
2018-03-23,1133.8277,594.5654,344.0654,703.9803,160.1497,118.6205,252.3744,510.8484,541.3753,342.4697,392.1137,1071.213
2018-03-30,1113.6307,569.7266,342.3826,690.6111,157.1842,116.2454,248.8266,499.3182,551.661,348.3489,395.3525,1083.2963
2018-04-06,1128.9077,599.9473,352.1361,697.4682,162.0777,116.6318,254.0983,494.6016,543.2899,350.1273,405.5366,1102.834
2018-04-13,1058.605,599.5821,355.2265,720.1234,164.5349,119.0271,254.4267,499.5615,541.0261,347.4393,390.8474,1053.4955
2018-04-20,1104.3278,598.5509,344.9296,719.9683,163.3688,119.4721,257.1379,505.1642,527.3345,345.7604,390.0392,1038.3903
2018-04-27,1117.0216,601.916,351.766,747.4085,168.9214,118.8456,262.8305,512.8864,526.159,334.7437,396.0803,1073.2833
2018-05-04,1126.7776,612.7068,364.5727,743.9837,168.7256,120.9331,250.3791,516.3726,527.4592,341.7264,391.8267,1065.6229
2018-05-11,1104.3689,636.2509,385.2959,728.8853,173.8575,122.6875,255.7995,530.5122,527.0496,346.3344,388.9632,1057.7113
2018-05-18,1136.3099,642.7975,381.9829,735.5393,174.995,125.1083,255.0483,526.6668,534.7499,346.3285,376.2088,1068.0005
2018-05-25,1112.1812,626.0721,394.1492,739.6172,173.9855,127.5009,249.6238,514.5216,528.0803,346.5221,374.0385,1070.3593
2018-06-01,1169.014,637.8896,392.2472,739.3393,174.7077,126.9456,255.157,519.666,533.1474,342.8778,367.7008,1089.2668
2018-06-08,1198.8765,628.1275,416.1235,754.2213,174.6355,126.7591,258.1677,511.3508,531.3745,342.5608,381.1233,1064.183
2018-06-15,1209.9607,640.2149,409.8239,760.8323,173.6347,128.3662,260.3806,508.7643,524.055,341.755,382.3705,1072.2876
2018-06-22,1239.5521,651.6639,397.7769,746.3782,174.0556,130.0525,266.5567,513.6458,534.7539,349.5046,386.4681,1084.2706
2018-06-29,1245.2339,651.0856,392.5212,740.2576,171.2826,132.0852,261.4507,511.5015,533.9242,352.65,392.9718,1115.1264
2018-07-06,1232.1991,638.6624,392.7189,728.9276,172.6868,132.1236,270.3611,501.0853,530.0799,358.2016,405.2195,1126.852
2018-07-13,1253.909,652.8278,387.8835,723.16,175.9564,131.9897,270.867,492.6018,526.0845,357.8777,403.5989,1118.164
2018-07-20,1242.9012,668.5912,391.5227,730.7189,175.4844,134.9907,272.7491,489.3023,520.2732,347.7343,407.1068,1103.7982
2018-07-27,1195.5783,669.7298,387.9553,737.1944,174.1486,136.9219,265.8387,477.157,520.977,350.7235,414.2662,1119.175
2018-08-03,1154.8994,683.2444,398.226,724.8191,178.1989,133.7267,260.2106,465.3365,517.9046,350.1478,429.4823,1080.81
2018-08-10,1158.0592,690.1711,387.8094,739.173,176.6766,137.9018,254.9222,472.8491,520.8145,347.2478,420.3146,1063.6492
2018-08-17,1198.9438,712.6523,377.0901,748.1287,179.5125,136.5215,254.0408,470.4448,529.8024,341.3287,410.3067,1084.6874
2018-08-24,1196.7032,732.2235,371.1368,747.1759,179.122,136.5748,250.362,470.6177,531.8809,345.7862,414.7334,1066.6705
2018-08-31,1240.2224,689.5991,377.4979,743.2925,181.3304,134.3528,248.1536,466.5754,529.4156,349.2551,415.244,1025.7444
2018-09-07,1282.6245,700.3892,371.1463,747.8474,181.9046,134.8034,248.1972,464.399,523.0474,345.8227,406.5429,1003.9692
2018-09-14,1299.0468,684.1151,379.0859,731.4331,185.7796,131.3478,249.196,459.4454,513.7609,344.457,393.2397,1050.2243
2018-09-21,1225.8922,684.9034,402.0508,750.3805,188.2988,128.1744,238.5925,443.6845,516.3823,349.7111,411.2944,1073.8322
2018-09-28,1234.6208,695.3118,391.735,756.0538,185.0698,128.9785,242.1479,454.5351,499.9889,354.3394,402.2243,1094.0679
2018-10-05,1155.1582,720.0967,400.0029,747.3044,186.1986,125.4113,242.5544,455.579,503.1293,352.4805,419.2189,1107.1908
2018-10-12,1165.0757,745.5246,408.5303,738.2964,188.9638,123.6259,240.7832,454.5971,493.7618,357.5088,430.75,1123.6035
2018-10-19,1169.3017,765.31,402.7369,739.4118,193.4649,121.9633,235.0909,461.1663,490.024,363.4048,432.8933,1117.4167
2018-10-26,1130.8928,785.3885,406.6818,729.2148,194.3194,122.6482,233.0864,459.2082,484.6097,362.7423,425.7071,1103.0245
2018-11-02,1135.8293,788.1995,401.6503,745.4746,199.3319,123.1691,232.8891,459.8219,474.9273,368.8213,432.5274,1089.9486
2018-11-09,1149.6871,818.0701,409.8708,755.8609,195.9259,120.8471,236.6129,460.6961,469.589,372.7559,430.7587,1098.4863
2018-11-16,1125.9449,781.1988,408.1374,763.9295,200.2977,121.6097,229.8584,459.3363,469.2882,383.7081,436.0174,1086.2362
2018-11-23,1154.2424,760.5854,398.7542,766.2307,198.8368,124.3721,235.821,467.4471,463.4905,387.205,419.8519,1062.7081
2018-11-30,1145.0528,769.3268,399.992,766.5389,198.7579,127.1266,234.642,458.0236,449.042,381.7659,409.9092,1018.3389
2018-12-07,1138.1718,783.2479,402.5679,783.7184,201.2933,127.4269,235.3734,458.506,443.3298,380.8241,413.6663,1020.3955
2018-12-14,1166.1116,795.3258,416.0645,782.4688,204.2543,127.5067,240.5019,451.8869,445.3822,385.1037,409.4411,1058.2772
2018-12-21,1142.7898,778.6555,436.0297,768.1648,206.0557,127.9553,233.9291,449.9174,451.363,380.7711,424.6374,1058.6178
2018-12-28,1223.5347,759.8172,427.3825,770.2126,204.9838,126.6631,231.6983,455.4991,442.0958,377.2218,419.9666,1046.0808
2019-01-04,1221.9054,770.0026,428.6715,776.9875,199.5225,127.9874,229.9737,460.747,439.1527,375.6509,413.4872,1034.7312
2019-01-11,1230.5467,748.2866,423.1344,779.4109,198.7094,125.035,234.3626,471.2324,430.2474,375.9749,412.6543,1020.5031
2019-01-18,1218.2129,754.3145,420.907,781.0319,192.4288,126.9869,232.5018,492.3542,420.6218,375.9195,409.9388,998.9899
2019-01-25,1168.435,733.2789,422.471,775.9764,190.7752,125.0624,231.6837,498.4739,429.3327,369.4676,396.0735,982.7206
2019-02-01,1154.0406,748.0615,420.0591,777.0567,187.9413,123.6985,230.5832,510.2621,425.4947,370.2518,370.3581,984.4885
2019-02-08,1156.7865,736.7781,427.2606,769.735,190.1107,124.4602,231.9924,514.9207,432.0195,365.8063,363.5515,1006.1318
2019-02-15,1154.37,747.7123,435.1237,760.3839,192.6472,125.6736,227.7016,510.1973,414.5144,362.78,356.6356,982.1099
2019-02-22,1143.0853,752.8252,443.3806,762.7237,193.989,124.1446,229.1451,504.7429,414.9743,360.3873,354.9936,1025.6694
2019-03-01,1158.5638,757.5915,438.2153,771.5004,185.7032,122.8654,222.6175,503.9054,407.1719,354.4453,356.3474,1033.1874
2019-03-08,1159.789,731.4967,437.5064,773.0603,184.7459,121.1087,217.3404,494.6273,401.8628,357.1932,358.1761,1020.3164
2019-03-15,1147.5247,744.7495,449.3556,746.6822,181.7724,119.2384,212.8117,509.1804,397.5807,346.2898,358.3687,1037.9636
2019-03-22,1190.1863,757.9385,433.9038,757.7606,183.8853,116.6834,211.726,497.8774,398.6959,349.7777,358.2457,1055.5706
2019-03-29,1196.2226,750.1892,414.1236,747.0306,184.8907,116.569,210.2405,488.6834,396.5977,359.1553,356.8342,1059.4425
2019-04-05,1248.0851,764.4038,423.3492,754.7255,182.1844,114.3911,211.6982,490.3775,391.6024,355.0206,361.7412,1054.297
2019-04-12,1304.5115,774.3347,423.3473,771.41,181.0236,116.4901,211.3373,482.134,390.8737,359.2418,351.3942,1041.8325
2019-04-19,1291.8523,780.9114,436.9054,795.4507,179.1278,115.3331,211.4913,478.5028,390.749,349.4532,350.4029,1038.8054
2019-04-26,1312.0645,788.5276,443.3718,776.3312,173.23,113.2192,216.0824,471.9673,388.7389,344.3386,354.329,1047.7648
2019-05-03,1294.7983,803.2922,451.6482,745.7117,172.6709,111.2367,213.2568,470.1707,387.7451,340.0512,346.7801,1064.3722
2019-05-10,1242.3313,781.8971,434.1044,771.8217,173.4521,112.7786,211.1441,469.5531,383.7273,336.0769,363.0972,1086.9865
2019-05-17,1174.2154,781.4702,427.5247,766.1644,171.8207,110.9328,215.5764,472.93,387.6521,341.26,367.4668,1117.2871
2019-05-24,1144.0845,781.8687,406.7488,793.7649,168.6531,110.8484,210.4174,476.7893,390.5905,341.7619,372.3391,1118.7951
2019-05-31,1122.4578,759.432,412.3961,799.93,168.42,108.8243,209.3692,480.2323,384.2021,344.2464,367.4382,1105.7141
2019-06-07,1080.4254,762.1088,404.5588,775.4277,160.6677,108.0725,206.2531,475.9547,378.2374,344.1658,352.4127,1123.1001
2019-06-14,1089.5624,753.6004,387.2779,770.6595,164.7303,109.9626,207.0006,476.4826,374.9726,353.5933,351.8404,1153.4064
2019-06-21,1076.8759,749.833,399.0288,754.2454,162.772,108.7983,211.8033,474.5824,375.0631,354.95,350.8716,1178.4094
2019-06-28,1079.0883,732.685,394.872,745.5325,164.9517,110.2795,212.9861,471.2252,373.9342,357.2073,348.4767,1158.511
2019-07-05,1067.9611,733.1469,379.245,752.6603,162.8128,111.0749,212.8527,479.9487,361.5741,362.5334,346.1966,1160.3453
2019-07-12,1071.6901,729.9768,370.8593,758.4845,163.6796,113.2905,216.5855,491.229,374.3633,365.8018,347.1772,1174.7018
2019-07-19,1116.1982,714.9591,378.4853,777.9,164.7714,112.1747,212.3455,493.9445,374.0517,359.6876,355.3728,1164.3556
2019-07-26,1117.5928,712.4689,374.0463,768.1131,165.4555,112.4076,213.5303,482.6667,374.1344,364.6349,356.9567,1163.6744
2019-08-02,1140.9176,704.7936,373.9205,761.8551,163.5864,112.4135,215.2252,486.958,378.2707,369.5365,349.9638,1168.6048
2019-08-09,1133.546,700.5174,366.8299,750.041,164.8285,112.0745,212.9108,480.733,393.0339,370.51,346.6024,1179.0585
2019-08-16,1179.5505,662.3848,370.8214,742.1579,161.7761,112.6841,212.0379,473.3087,396.4078,371.6559,338.042,1161.2098
2019-08-23,1153.6093,665.5577,370.0816,743.8754,157.7946,112.907,210.3004,462.7497,396.4222,375.0357,340.6292,1133.0333
2019-08-30,1140.3886,660.9757,363.3258,738.2925,157.7528,113.2487,209.0271,466.1351,398.533,368.886,333.3736,1149.7669
2019-09-06,1093.1316,677.1125,356.6718,774.0462,159.5482,111.5777,210.3748,447.825,388.9663,367.0393,323.4665,1145.2887
2019-09-13,1113.1487,671.3918,362.0404,757.5156,159.3756,111.6963,212.1394,429.6348,379.872,371.8387,333.2183,1141.7077
2019-09-20,1113.2453,672.1724,369.3631,755.1162,161.4427,110.204,210.9988,429.7559,381.4731,369.8977,335.6191,1147.3016
2019-09-27,1097.6781,674.6398,374.8676,760.8068,160.7829,112.4329,216.1207,416.8506,371.1475,376.5517,332.47,1192.8948
2019-10-04,1077.5632,677.0068,373.3243,765.584,161.3437,111.4813,216.4409,414.7047,380.6682,374.4166,327.1377,1210.513
2019-10-11,1100.8097,685.4345,362.5921,768.5796,159.1371,108.44,214.3403,411.3018,378.4145,371.8541,327.009,1181.8847
2019-10-18,1119.7767,696.6943,348.6827,769.4548,160.0598,108.9812,215.4844,402.273,376.0771,380.1726,320.1944,1208.3025
2019-10-25,1095.2937,688.5846,336.286,768.2054,161.895,108.7409,212.377,406.9602,378.29,382.6731,315.3163,1206.6515
2019-11-01,1040.1631,720.2933,341.2226,769.0593,154.4266,110.2032,211.4252,409.2083,381.7243,375.9417,310.9048,1203.9447
2019-11-08,1016.0129,688.6059,344.2134,769.1211,159.0074,113.0832,216.1139,414.1531,380.8047,379.5372,299.574,1212.5296
2019-11-15,1033.5505,684.9086,351.3684,757.1456,155.8403,112.3501,211.043,410.3395,382.0663,379.991,305.1469,1237.855
2019-11-22,984.7009,691.188,349.4434,756.2235,155.2503,113.4704,213.6649,418.5546,378.4392,385.8813,313.7212,1279.4494
2019-11-29,1002.7963,652.5108,337.0076,776.8396,150.0521,116.1409,214.2218,418.228,373.9272,388.7078,307.2066,1254.6529
2019-12-06,1061.1249,659.8244,343.3052,778.4851,150.0736,118.5011,215.6568,416.4923,369.851,380.303,308.2357,1218.3482
2019-12-13,1059.3084,639.5773,346.6558,777.693,149.4066,118.4373,217.6639,412.2369,365.2951,378.607,294.7805,1226.6426
2019-12-20,1092.6616,658.0008,338.321,765.5912,146.6178,115.5435,214.1949,423.4753,367.4341,387.4005,293.5957,1203.284
2019-12-27,1131.7197,656.8766,331.0725,778.2949,148.3141,116.4616,213.2334,431.0773,367.8366,387.3256,307.3751,1244.4955
2020-01-03,1120.7902,662.0051,321.7995,768.7917,147.5569,117.7498,218.0158,428.2506,367.4443,381.7626,316.0881,1233.5379
2020-01-10,1122.1986,677.5595,319.8979,773.7528,149.3974,118.9692,214.6022,431.6211,360.5776,379.3084,313.2419,1245.6633
2020-01-17,1107.469,679.3635,322.8293,775.7721,147.8007,118.6534,216.0928,432.3496,367.642,383.011,307.4938,1277.568
2020-01-24,1113.9926,676.9346,332.1644,763.8045,149.3123,121.4507,213.3208,451.2977,373.5636,388.1946,305.5084,1285.1641
2020-01-31,1055.5938,680.2216,347.7325,781.7759,149.0051,121.5115,211.1532,456.6198,380.8355,386.6759,304.4082,1249.9449
2020-02-07,1062.8179,686.8908,353.8788,781.2416,146.2527,118.8423,214.1433,458.009,375.0819,392.1653,316.6328,1248.6133
2020-02-14,988.4706,661.5507,355.1973,790.0508,145.0958,121.363,218.4013,448.0572,377.8943,403.4372,324.7129,1219.8448
2020-02-21,996.5508,637.1056,350.2795,786.5237,146.3101,123.0711,221.5225,451.8057,376.6602,407.1391,326.299,1223.0155
2020-02-28,983.4551,632.4599,352.1126,782.3432,149.6115,122.5202,223.4391,464.2009,376.2499,420.3773,324.1066,1223.4917
2020-03-06,985.5003,638.265,350.3317,767.0441,149.1816,122.9704,230.4977,470.7956,374.1431,424.1297,329.2156,1203.4423
2020-03-13,1021.0882,615.4273,354.1771,758.4557,152.0231,122.6433,236.362,467.3797,364.1784,429.4713,341.666,1152.1561
2020-03-20,1001.7558,630.0476,369.9235,758.4273,147.0142,124.0302,231.8403,465.7224,349.3081,435.3365,340.3356,1130.1361
2020-03-27,1008.2435,667.6957,372.2706,774.5356,146.0558,120.6571,235.1158,460.9891,341.0819,435.3251,341.4722,1134.6497
2020-04-03,1015.5021,680.1206,376.1918,779.0213,147.4359,117.8537,240.4721,450.6687,337.7865,439.5798,340.4282,1131.7685
2020-04-10,1020.3296,699.4818,372.9651,790.6459,147.3931,122.7371,242.1838,460.9906,342.2812,436.3355,328.7809,1179.822
2020-04-17,1012.0484,673.3327,379.2487,771.9589,150.9979,120.9125,242.6161,454.9719,336.6683,443.9491,321.1664,1205.5808
2020-04-24,1004.8467,664.3585,376.7217,775.3883,153.0162,120.6844,240.8145,461.255,328.3162,441.7618,318.8529,1240.3293
2020-05-01,1004.2954,643.9183,387.6578,802.4251,152.9551,115.9203,250.9396,467.8194,321.5115,439.0992,325.7233,1237.4412
2020-05-08,1021.4252,655.9333,390.7071,802.255,154.2938,116.432,252.9032,480.2386,326.0584,434.0181,326.7453,1248.5541
2020-05-15,1062.7662,643.6035,392.6808,811.886,153.4615,116.5928,249.3386,475.8791,322.7408,434.3441,341.2107,1259.258
2020-05-22,1082.92,657.405,381.617,797.8331,153.5244,120.1695,252.1381,486.1454,323.8863,436.5225,340.4186,1264.6166
2020-05-29,1107.5061,645.5365,375.4749,795.8312,153.6299,120.2851,252.7914,482.6947,320.8949,444.6695,349.7275,1291.7804
2020-06-05,1085.4765,643.7029,377.8588,790.8353,153.8585,125.1972,253.7344,487.1378,332.5395,439.2843,364.5431,1309.5033
2020-06-12,1120.4443,660.6512,369.2116,781.8389,152.6138,126.3166,250.9684,476.8765,343.371,431.6253,370.5227,1300.5805
2020-06-19,1070.5104,669.7788,367.1533,769.3155,157.9812,125.7726,248.5317,493.4038,351.2476,431.4478,369.4182,1322.6468
2020-06-26,1037.3606,649.2162,366.8442,779.8116,153.9755,125.8472,251.1489,498.4108,360.5827,427.3014,366.2434,1317.5092
2020-07-03,1013.2266,670.8537,374.1036,775.9972,153.9463,123.4743,245.882,504.5529,366.6249,422.4043,364.9086,1348.5738
2020-07-10,1031.0217,650.47,357.6999,781.0468,154.5019,122.4045,243.951,526.489,371.7563,435.9244,371.8006,1349.4818
2020-07-17,1009.4034,643.1838,356.1409,788.3877,157.183,122.9948,244.1156,522.2908,366.8239,446.9232,373.8853,1382.4529
2020-07-24,968.5255,671.1081,370.5235,776.3162,158.6374,120.3954,247.8758,532.2928,370.6803,447.8586,390.1873,1417.1842
2020-07-31,957.0525,685.1286,369.6551,778.1374,156.7075,123.6411,250.8077,518.5937,371.0086,437.7107,421.7659,1421.3941
2020-08-07,930.3086,695.0227,369.8419,774.8943,157.622,123.6352,244.3253,517.8542,366.1331,446.1144,422.7216,1386.2589
2020-08-14,962.9776,716.9157,361.5512,784.2497,158.0416,126.2034,250.7173,521.0062,366.3666,469.2551,417.2349,1400.9889
2020-08-21,1008.1028,745.3858,367.3992,774.942,154.7397,126.4908,249.8262,510.2477,365.9337,488.2136,411.2888,1397.4107
2020-08-28,991.4289,725.7048,362.8223,778.3676,159.206,129.1678,247.4076,498.2291,363.2293,501.2524,415.0101,1400.6411
2020-09-04,984.612,728.8178,381.9973,779.0627,161.8968,127.9901,242.7056,484.8312,375.1673,508.0813,421.2077,1413.7471
2020-09-11,980.9476,740.3748,379.8996,783.3613,163.5499,126.3897,247.3215,481.2558,379.9941,508.7059,408.8631,1444.646
2020-09-18,1009.9706,716.7276,379.7767,767.5261,167.079,125.3234,245.3553,492.095,389.1061,520.8073,422.4262,1452.7849
2020-09-25,1026.6248,731.9963,388.6614,760.7008,170.9768,129.4104,245.9253,498.2741,405.7081,524.2689,420.9743,1461.824
2020-10-02,967.3343,757.4274,396.9873,762.9715,169.4591,132.1204,244.4216,497.513,411.4629,533.1242,416.8835,1493.0522
2020-10-09,938.6321,768.3436,368.1084,772.1437,167.7521,132.3265,248.3647,497.4055,421.4728,532.9899,429.9071,1513.7195
2020-10-16,952.0921,765.2512,367.2243,769.0004,166.5078,134.9051,243.1536,499.5965,434.1171,544.8626,426.6706,1500.1542
2020-10-23,955.9356,748.9254,351.2412,752.5552,162.3538,135.2109,239.8056,495.7036,442.1859,550.4841,432.971,1551.4339
2020-10-30,975.372,745.1781,352.7455,760.9053,161.276,136.6443,243.1929,501.461,443.5994,555.3438,439.0417,1578.6405
2020-11-06,978.4673,769.6295,360.3371,764.4367,159.1879,138.3849,246.6809,514.2888,433.2708,561.0085,459.3675,1626.2322
2020-11-13,995.2397,770.3811,367.6161,766.9208,159.5439,142.065,244.842,516.6093,442.8698,566.1284,455.5804,1638.6631
2020-11-20,997.443,762.2024,361.3658,778.5356,156.1888,140.1834,244.9819,512.642,438.8424,551.7869,457.2885,1708.9319
2020-11-27,993.8269,758.7351,359.9105,786.9544,159.6044,144.9725,247.1311,518.7146,440.6171,554.5548,469.3514,1729.3242
2020-12-04,1006.7288,744.5526,350.9368,767.9394,162.4748,146.5904,248.6832,514.1965,456.6647,544.8051,484.2733,1733.0178
2020-12-11,997.7185,753.0597,332.1025,777.1821,161.5929,143.7968,248.8292,524.4113,473.5727,545.9499,486.4033,1775.7614
2020-12-18,951.0421,766.8931,338.8643,780.3664,166.0959,148.763,248.1282,519.7029,471.9511,529.4581,489.2599,1780.827
2020-12-25,999.7965,785.1002,339.5232,775.9545,169.4007,149.3389,239.5169,522.0701,479.8246,541.737,498.1685,1719.6784
2021-01-01,1043.1703,782.3073,346.1948,788.3341,171.6948,152.0525,240.4884,537.0352,490.9279,536.5782,484.9368,1740.4654
2021-01-08,1053.8221,800.5975,356.9598,797.6855,173.3005,152.5906,236.9353,538.3935,505.3492,534.3262,515.3411,1737.4468
2021-01-15,1068.5931,826.136,353.0151,798.9976,180.5508,149.9544,235.0011,559.4728,503.5728,545.0998,520.924,1697.3452
2021-01-22,1059.804,839.4746,349.7665,806.4489,189.7122,149.7501,226.1055,584.8236,508.512,558.4561,504.9871,1748.4936
2021-01-29,1067.0061,860.631,359.0361,792.4329,191.1776,148.9897,229.0636,589.924,502.2085,555.816,514.8807,1733.4126
2021-02-05,1052.144,886.6257,376.0545,786.2027,196.251,154.1917,233.423,588.4353,505.3336,559.4979,520.9411,1742.4451
2021-02-12,1046.1897,855.6315,365.8888,772.6407,193.5064,154.6001,228.756,612.8657,514.7651,554.6105,521.6292,1736.8852
2021-02-19,1035.5875,830.3665,367.508,773.9834,195.9829,157.5235,223.9971,614.2108,515.5574,565.4079,519.4253,1772.7764
2021-02-26,1023.2948,841.2195,354.3586,767.1768,195.9696,159.3341,224.4911,615.8083,522.2194,565.7431,496.6526,1814.5422
2021-03-05,990.3325,856.7523,369.887,791.0435,191.8305,162.772,224.2371,619.7458,510.021,575.6359,494.5749,1799.2195
2021-03-12,1013.8381,870.2851,384.9815,789.1065,189.8897,162.7424,228.1694,622.1801,503.4616,568.6771,497.6152,1782.5155
2021-03-19,1009.8796,880.6382,384.4813,796.8619,192.2863,168.3026,235.1854,612.7588,500.2964,577.061,503.4742,1792.2909
2021-03-26,990.8584,906.1679,382.0944,778.9582,193.1878,170.1033,236.5417,615.88,516.3771,587.1989,498.1532,1824.9196
2021-04-02,983.4166,892.9621,374.2437,771.9333,189.1982,172.4181,231.4667,591.0689,493.0915,584.2649,490.0862,1868.4425
2021-04-09,966.2301,857.8808,378.2404,778.4268,187.2919,171.1801,226.4612,583.638,497.4653,589.1294,484.0708,1887.2107
2021-04-16,954.1431,838.3748,386.8491,778.7644,189.1157,168.0614,226.4716,582.8249,493.1985,577.8119,484.4865,1845.8244
2021-04-23,937.2931,817.4929,389.3199,780.17,191.4324,174.0027,222.455,576.5814,498.2844,580.9523,486.3168,1850.455
2021-04-30,925.6218,800.6321,391.1031,777.3282,186.2089,172.9972,219.8078,565.162,493.9499,576.1467,497.0622,1849.6707
2021-05-07,915.9776,805.6827,386.8281,788.7464,183.4539,173.0287,221.078,550.5451,488.7872,587.323,518.7715,1737.1908
2021-05-14,906.2298,797.2026,373.41,807.9078,180.787,173.0427,222.9981,553.8037,487.8173,621.2645,519.8526,1753.3427
2021-05-21,940.4393,812.5173,366.7662,809.7766,182.0593,174.745,227.8878,560.6579,492.4716,637.8547,522.4015,1763.9692
2021-05-28,962.0712,816.5493,358.1284,813.8976,179.4505,177.3571,229.2262,570.5397,493.8789,642.4659,511.3801,1765.0699
2021-06-04,963.4296,798.5796,372.3044,820.1545,180.0246,179.722,227.1276,572.2795,500.2983,653.4572,497.4875,1753.6887
2021-06-11,940.9669,802.3317,358.0172,811.2773,178.1247,186.5361,223.9987,575.9115,502.0077,661.6838,508.5815,1694.0136
2021-06-18,935.2784,790.1213,357.2897,798.4138,176.2862,190.4141,225.4805,575.7778,489.1466,661.0208,519.4385,1696.2166
2021-06-25,924.4464,806.9509,348.9742,792.4324,178.7339,188.5366,224.5516,590.412,496.6719,645.3109,513.9697,1743.7426
2021-07-02,922.4125,823.4111,350.7874,793.836,176.2968,189.6381,218.4817,586.467,496.4447,628.9181,497.0406,1760.8934
2021-07-09,887.1203,786.6906,336.5394,802.1637,174.1426,184.8601,221.4692,597.6393,486.246,629.8457,495.2902,1782.8427
2021-07-16,936.9943,792.8442,330.7841,807.4935,174.8532,187.9779,223.8991,604.8944,476.9874,627.7884,507.8934,1766.6262
2021-07-23,935.0283,802.2073,317.7391,796.6089,174.323,183.5812,223.3329,600.773,480.7393,609.7337,513.7422,1768.252
2021-07-30,945.7099,811.4991,313.3862,791.2386,173.5569,187.6923,222.1748,614.5989,484.6802,609.1175,520.9977,1756.7554
2021-08-06,953.6262,830.4075,313.0357,772.9513,175.0203,191.8573,228.2675,613.9064,477.9462,616.627,504.114,1725.0716
2021-08-13,948.781,839.1938,327.1899,773.9477,176.3364,192.1887,235.7731,611.6515,488.5329,621.1489,513.5721,1713.2958
2021-08-20,964.4879,803.5923,316.6127,784.2254,177.5925,192.9579,236.0462,599.8942,487.1882,614.7293,518.9755,1749.0351
2021-08-27,979.8696,810.1958,320.4798,777.9413,178.3581,194.1397,235.8886,608.5097,474.4103,608.4071,514.6902,1770.5618
2021-09-03,962.9909,806.357,320.3698,768.3863,185.0337,195.1304,236.8941,616.8836,479.6895,600.0079,493.7336,1803.2855
2021-09-10,977.1134,799.3688,303.76,758.9866,188.3404,200.2279,233.4017,610.9374,482.9697,594.0224,490.3295,1768.9751
2021-09-17,974.0639,783.0161,298.4973,756.0343,191.7691,198.2036,232.203,623.7283,486.805,593.6887,484.7127,1830.4019
2021-09-24,991.8449,762.9802,301.1565,742.5756,189.1653,202.5291,236.7522,635.1622,489.0384,582.3108,493.1269,1862.9681
2021-10-01,1022.5061,710.4559,300.1201,719.1193,191.0766,199.5224,244.8834,632.2176,505.8589,575.947,492.1567,1921.146
2021-10-08,1016.7486,723.0647,292.3802,734.0304,194.7778,202.5004,248.2251,612.8259,514.1626,561.8174,485.5606,1861.7964
2021-10-15,1023.5965,736.341,298.1943,726.7513,188.8483,204.6105,249.4017,591.2837,508.8361,561.1791,477.8353,1836.2113
2021-10-22,1031.836,725.8627,295.4555,713.7013,187.2352,204.1473,249.725,592.6802,515.9204,557.1214,477.1024,1840.291
2021-10-29,1059.4168,732.862,287.654,714.0679,196.2587,204.1735,250.163,600.3382,522.6425,562.5673,479.3176,1842.974
2021-11-05,1033.2122,713.5765,278.9225,705.7594,200.7626,203.1774,243.0007,593.2294,534.0097,543.4308,470.8993,1764.5834
2021-11-12,1033.7905,729.883,290.5503,722.5459,201.714,201.1843,254.5418,586.0759,538.3376,545.5188,452.6683,1764.8186
2021-11-19,1026.2697,738.1578,282.5578,740.5889,200.3991,206.4162,256.1739,576.4301,552.7585,552.2581,435.4265,1790.718
2021-11-26,1028.7596,716.9504,282.4867,744.9483,191.5317,205.0973,255.1766,577.7057,543.1479,546.2278,434.8912,1772.3919
2021-12-03,1020.4934,710.1663,278.896,764.197,189.6272,204.2364,257.5736,574.6424,533.826,538.3546,464.2196,1760.4053
2021-12-10,1030.3185,691.4189,274.9903,770.5699,188.6711,205.0657,249.9666,586.9384,525.4758,536.4213,452.4735,1782.6119
2021-12-17,1025.2906,689.5705,276.669,768.0979,196.1177,204.1162,253.0973,589.8964,525.2041,542.3157,439.3997,1788.4518
2021-12-24,1005.2253,657.0784,269.6924,761.6494,197.8988,200.5437,255.8523,576.8237,524.681,544.0021,436.4475,1798.7031
2021-12-31,1014.4111,638.4892,272.5095,783.7872,194.9018,197.4784,251.6281,586.6,532.3773,545.2742,433.5365,1859.4369
2022-01-07,1021.8477,639.5601,274.0803,768.9912,196.3219,197.3981,248.657,586.3982,525.4349,519.09,436.6416,1792.2205
2022-01-14,981.4775,621.6903,264.4666,777.3222,194.4326,196.9387,252.0857,563.4683,539.1386,499.5709,435.6233,1826.4356
2022-01-21,993.9677,612.2191,265.081,801.649,191.5637,193.9052,257.3179,566.4148,529.6668,499.0635,429.1916,1764.5095
2022-01-28,998.9562,653.8462,267.5328,788.8297,194.8194,192.059,262.2626,573.4362,524.4594,506.3089,424.2347,1727.1309
2022-02-04,995.7933,635.9737,267.0444,775.4755,186.3678,186.7817,263.7308,581.9214,523.9321,495.7783,411.634,1724.508
2022-02-11,1022.5308,630.3303,257.6244,761.2711,182.8377,187.6308,272.2506,567.695,538.6329,501.1251,418.262,1704.0663
2022-02-18,1024.7274,616.0007,241.7213,776.6961,179.6,189.0515,273.7431,559.5805,538.4699,495.9384,408.9518,1622.1767
2022-02-25,1005.9488,606.3328,238.9775,788.0508,178.7941,187.1573,271.811,562.7691,557.2568,487.8894,411.0049,1638.2186
2022-03-04,995.1824,612.7719,229.6297,802.8611,178.5882,186.4036,272.7665,547.7937,555.4719,479.4297,428.7477,1626.8833
2022-03-11,973.943,617.063,232.1475,789.7992,178.4239,187.8536,272.5571,535.0033,564.7057,489.9568,420.4029,1646.4469
2022-03-18,957.8181,622.52,230.798,762.3782,177.8214,186.0445,277.585,526.8064,560.3395,472.7458,412.1237,1721.0653
2022-03-25,977.3677,597.1413,230.3008,759.4147,177.4941,187.0521,276.6575,509.3554,569.4048,469.3562,423.7546,1679.9758
2022-04-01,973.1145,589.7566,229.2731,751.6673,175.315,191.7514,283.7344,508.2971,557.8365,469.3186,422.0406,1700.9571
2022-04-08,989.5907,587.2136,228.8141,755.4337,173.5823,189.6589,288.7531,511.0256,566.6672,458.6417,423.3512,1718.2487
2022-04-15,953.9589,577.7313,229.6769,760.0779,170.8039,188.4695,290.5896,502.4588,564.87,465.3607,412.336,1713.2164
2022-04-22,967.6295,570.7565,225.0625,760.5469,167.8349,181.5145,296.5315,503.0628,559.0678,453.6247,409.7581,1758.6777
2022-04-29,974.8016,569.7487,224.1315,752.6816,162.4498,178.9991,302.3127,495.0015,567.785,454.1495,425.9451,1781.2073
2022-05-06,973.4983,554.2508,223.3022,757.2195,158.2105,177.542,299.1016,486.6752,558.0217,452.6582,419.1279,1829.2963
2022-05-13,949.4505,544.825,221.8289,729.6885,159.7492,177.2743,295.2047,467.2783,550.3718,451.8287,405.563,1831.0621
2022-05-20,931.0077,540.0661,221.6602,735.0221,165.7103,178.7567,294.8926,470.0167,548.702,464.2423,392.521,1793.3106
2022-05-27,908.7713,528.4642,223.7339,759.1161,159.2907,177.6238,295.3603,471.1416,545.2486,460.7399,374.9492,1791.7469
2022-06-03,877.9466,545.056,235.2378,760.7137,160.9618,181.3859,291.9185,476.2909,538.6999,451.5787,382.8259,1760.6514
2022-06-10,867.6903,543.2534,241.1588,767.9688,159.7824,181.3164,287.1671,479.181,529.6774,457.5329,365.7295,1782.0588
2022-06-17,857.2585,543.1406,259.3256,767.8739,156.7633,178.6844,273.6753,474.3242,536.9368,467.959,347.417,1784.6756
2022-06-24,865.9312,513.0666,262.0607,779.1262,153.5866,176.7304,274.7905,473.4095,525.2806,462.8397,353.1703,1791.7928
2022-07-01,868.1959,505.0884,259.0969,783.6005,152.0502,175.5662,286.9136,465.2016,542.0987,458.36,356.0925,1782.5717
2022-07-08,887.9008,493.5297,247.4689,790.7552,148.882,173.0627,283.529,466.56,540.5937,459.7296,368.7476,1820.8052
2022-07-15,865.2094,491.9885,229.6013,771.112,149.1375,171.0854,283.7662,461.7917,543.287,458.4499,355.4483,1810.5653
2022-07-22,876.7286,489.1235,229.1509,758.8553,148.9812,167.0968,273.6092,463.6672,531.7712,455.0687,355.9567,1793.223
2022-07-29,895.384,494.2474,225.5247,759.7385,149.085,162.1039,280.0556,460.5501,540.6984,454.3293,363.8554,1861.4334
2022-08-05,886.2736,500.7602,221.297,736.7054,149.2081,161.1682,273.2525,465.189,532.9279,451.9547,349.1932,1839.987
2022-08-12,903.3066,498.8487,214.7316,743.0788,149.3774,160.6924,269.095,461.4895,521.1496,441.3198,351.7359,1901.206
2022-08-19,913.1137,505.4321,219.278,736.5879,151.8331,161.5296,267.6367,474.0616,530.1368,440.0306,365.009,1900.9916
2022-08-26,890.7382,501.678,221.7528,717.065,147.1406,160.9432,261.9264,481.8097,529.2714,430.4339,365.2207,1852.6105
2022-09-02,876.4831,499.5147,226.8547,721.058,144.9311,160.3374,260.2129,485.6965,520.9583,421.4725,338.2036,1891.8962
2022-09-09,881.3282,498.3241,226.7552,713.0451,146.8416,162.168,261.129,488.7091,502.6664,422.3899,343.2478,1842.3092
2022-09-16,873.5179,507.8766,231.7536,695.6373,142.9269,163.1946,256.001,499.5454,498.9191,423.1793,342.3672,1876.7168
2022-09-23,874.4725,498.1274,219.212,688.9023,148.2222,161.898,257.1482,507.0778,498.7753,415.9079,355.7494,1911.6713
2022-09-30,914.6299,510.5571,222.7622,694.4559,149.8102,164.0258,257.5502,503.8033,493.8697,404.915,346.936,1945.5071
2022-10-07,934.9363,522.8205,221.387,694.464,149.315,160.2078,252.9294,486.0264,478.8733,412.5107,339.8864,2017.0918
2022-10-14,923.9358,523.2071,222.0923,696.0617,145.7441,157.2063,251.5374,496.1516,485.7427,413.8344,329.9093,2089.2682
2022-10-21,906.6624,528.4882,219.8946,691.6012,145.8571,154.196,248.4606,506.1814,484.9604,406.5777,342.4531,2026.1338
2022-10-28,885.7011,536.705,225.8168,674.358,144.2165,155.0386,248.3485,498.5766,486.2443,412.1627,345.4459,1992.1745
2022-11-04,912.1452,553.3604,223.5129,674.3494,143.5147,156.8293,250.5626,490.968,499.5711,410.7619,358.9148,2082.7706
2022-11-11,914.246,538.2678,224.187,668.8271,143.6937,154.3272,250.0193,491.966,502.5334,408.2963,362.4666,2116.8651
2022-11-18,928.0754,537.4285,225.1429,658.9746,146.3312,157.4856,251.3521,493.008,505.9192,395.496,375.0554,2167.4288
2022-11-25,936.9555,524.7923,228.1758,663.5624,144.4787,154.4513,250.2256,484.5751,515.5699,403.6723,377.6618,2155.1351
2022-12-02,936.2451,520.0997,229.9932,671.6624,146.0468,153.0829,241.17,480.609,521.1567,399.1288,365.4782,2133.2193
2022-12-09,906.4742,516.0356,232.8911,680.0316,143.7703,155.6497,243.4095,473.2593,517.3718,387.8794,352.7509,2185.7994
2022-12-16,897.7818,510.1263,225.1249,689.5284,143.8881,156.8568,237.2114,476.1043,510.6724,383.7929,348.0887,2157.891
2022-12-23,875.7425,500.5132,217.2039,706.8834,148.8862,162.4298,236.0087,469.4338,516.7513,384.782,340.7732,2081.8577
2022-12-30,870.9534,510.1529,215.5778,694.7882,152.7352,160.0669,233.1397,481.9751,527.6314,375.1454,337.0463,2006.4004
2023-01-06,885.5745,493.0079,224.6577,705.9825,151.8787,157.9657,237.366,476.5187,528.0605,372.5197,335.6832,2060.9054
2023-01-13,893.5158,480.7568,225.429,688.442,150.2485,155.2274,233.0885,477.6364,518.6675,372.0738,336.0857,2023.2407
2023-01-20,898.0471,480.5853,221.3544,694.122,150.6357,155.1494,229.3269,481.8906,515.9509,367.206,345.7559,2024.9585
2023-01-27,879.4227,485.319,220.6582,703.2064,151.5825,154.0052,231.0917,483.5026,515.1112,372.3446,345.7286,2011.2045
2023-02-03,876.3467,503.759,222.6012,710.6864,154.6825,155.1709,225.3385,478.8425,520.6524,379.5599,350.0089,2004.5053
2023-02-10,871.346,498.9433,230.0908,723.5323,157.1396,156.5847,223.3011,487.4726,521.794,389.2825,354.4989,1988.5859
2023-02-17,863.0898,493.2245,231.1217,728.929,160.6741,154.8224,222.1179,493.4544,525.4466,396.4819,349.8211,1979.6592
2023-02-24,883.6323,485.3536,238.7307,735.0809,157.5715,156.2052,221.982,458.5955,530.8048,405.3908,343.2284,1953.0404
2023-03-03,866.7431,484.8505,239.6993,731.8019,155.529,157.4727,226.3867,456.9239,552.4459,401.8351,344.4314,1936.4078
2023-03-10,874.9204,477.3806,244.7572,714.9061,155.3423,155.9125,225.8221,464.1683,560.2595,400.8226,353.0013,1918.4166
2023-03-17,884.9187,483.8142,241.3457,704.9012,152.2627,156.5892,228.8692,471.8401,571.2396,403.5136,357.561,1877.2613
2023-03-24,873.7311,489.9797,242.9742,692.4871,150.2791,156.1,224.9507,470.78,559.6676,407.4924,367.1127,1880.005
2023-03-31,861.2737,503.792,237.2508,693.5425,148.8784,158.9485,229.4306,479.4172,563.0054,407.3087,371.5822,1908.5573
2023-04-07,881.5963,498.7419,238.5874,686.5472,152.9445,157.0351,229.6711,473.3008,559.5029,400.0845,364.0422,1939.5598
2023-04-14,861.7617,501.9853,241.1981,702.11,155.0221,152.118,233.5573,480.8438,573.5923,407.0271,345.0698,1999.0113
2023-04-21,852.5071,492.9114,237.7862,712.4657,154.0626,154.2102,232.1616,478.7355,561.1232,406.7138,353.0705,1973.6661
2023-04-28,862.2713,494.1571,241.7849,722.778,155.4926,154.8437,233.3652,469.1859,560.5644,410.9033,350.8059,1970.4886
2023-05-05,851.1034,493.3172,233.8305,725.018,157.2357,154.8534,232.4725,478.4452,567.0953,400.2726,343.2904,1974.8158
2023-05-12,836.4082,495.6673,233.4246,718.6538,161.4746,154.3051,234.8759,479.8004,576.4534,399.8648,333.0106,1954.1821
2023-05-19,833.94,481.6619,238.2583,715.6193,165.3959,151.781,239.4136,478.8999,574.9304,409.4005,337.9158,1936.7797
2023-05-26,820.0361,488.3498,239.628,720.6758,167.6484,158.4536,240.4779,485.9066,579.6672,414.924,343.1091,2008.9928
2023-06-02,798.9306,503.2418,237.5613,726.6782,168.6052,160.5236,241.4818,498.4129,578.8762,419.2492,350.979,1933.6631
2023-06-09,774.2125,513.5927,244.9512,710.2507,174.3916,158.8128,255.4139,506.6568,597.5916,410.8107,336.6816,1869.2428
2023-06-16,742.8958,515.82,238.2701,718.3532,177.0202,163.5457,251.923,511.1568,603.7396,409.799,330.6578,1859.7666
2023-06-23,724.7953,510.5625,255.3027,728.858,179.6681,164.8387,251.774,516.5729,623.3508,416.3647,329.9107,1833.911
2023-06-30,716.7336,512.911,254.5143,736.9949,180.326,164.9881,252.1755,519.9035,623.7807,411.2081,326.3401,1830.0685
2023-07-07,702.7357,518.0508,251.2665,743.3849,179.4139,167.6144,245.5473,523.335,612.401,418.7505,315.9614,1875.6249
2023-07-14,718.7488,519.6431,243.2749,747.9788,179.8329,163.5415,249.5693,523.8746,607.7607,424.1257,316.4203,1883.8697
2023-07-21,719.2951,511.2263,236.375,759.8224,182.8844,163.1969,247.0937,520.6179,620.2921,427.234,317.5856,1892.76
2023-07-28,703.4416,516.1155,244.5736,769.4118,184.0605,164.0263,250.0171,525.2491,619.0516,430.3904,314.8614,1859.0956
2023-08-04,720.2769,495.1175,244.0963,766.4929,179.5586,164.1789,246.3303,531.5469,629.2725,442.5512,310.4829,1840.1113
2023-08-11,737.8189,483.5229,244.1929,795.0812,180.4812,166.7154,244.5537,535.5704,633.1182,451.3812,304.9437,1890.225
2023-08-18,752.3864,476.1037,236.6996,800.3872,183.3986,167.8349,244.8464,550.9679,643.9041,456.4381,308.7088,1905.5281
2023-08-25,781.2191,474.1762,256.812,803.6853,184.2592,165.0068,242.2192,557.003,628.8488,455.7876,306.7733,1884.2997
2023-09-01,785.6572,472.5075,251.8882,791.963,182.2935,165.9136,242.4663,553.422,632.4833,454.7139,314.9496,1855.8144
2023-09-08,785.2162,466.9129,245.4036,794.6325,179.3833,169.0128,244.1938,550.9212,641.5708,445.0415,324.5741,1869.8673
2023-09-15,765.8131,446.8079,239.0836,780.4736,179.3338,167.3202,246.2402,567.4028,639.0926,433.6096,334.8289,1972.4299
2023-09-22,771.8933,422.6473,233.9636,790.9482,177.1017,167.8598,252.9064,580.3184,630.9412,448.218,334.1739,1966.6123
2023-09-29,774.0984,436.8837,227.371,783.9387,182.7735,173.6977,246.093,583.2601,638.5785,452.247,330.0731,1967.9017
2023-10-06,809.1828,435.4529,231.0614,788.435,185.0186,172.6564,245.4767,580.3473,649.0725,467.0138,330.8353,1986.4403
2023-10-13,827.2368,443.6896,230.0856,819.5089,190.6028,172.5483,246.4511,581.5767,640.2692,474.7415,334.506,1938.1838
2023-10-20,820.739,446.8106,228.9036,812.6603,193.6814,174.0986,252.8759,590.0833,649.3803,479.59,341.7059,1905.9137
2023-10-27,813.581,453.7637,228.6105,816.3274,196.4216,179.7401,257.2761,600.4694,636.6684,488.3314,336.0301,1891.0578
2023-11-03,837.5199,447.9178,224.7161,847.4797,200.17,182.9485,254.0101,578.8982,639.5926,490.8548,343.3649,1935.7531
2023-11-10,852.7129,453.3634,227.5296,845.3574,198.0571,184.2345,261.3545,575.8531,644.2037,490.5615,352.5536,1937.2033
2023-11-17,886.9964,449.3311,225.8986,845.6797,195.5538,185.6696,259.3896,575.6887,646.3564,487.3223,354.0481,1939.1499
2023-11-24,874.8372,454.1377,235.3813,845.082,193.8845,182.6363,260.0666,586.2987,646.2493,495.9084,359.6102,2026.3936
2023-12-01,897.5113,452.7291,239.407,827.0341,194.3894,182.1846,270.4425,586.6146,653.8872,508.9354,347.6269,2005.5432
2023-12-08,903.9875,453.9032,239.4891,862.17,195.9134,183.1497,274.687,602.1621,651.9991,494.8512,341.248,1959.7275
2023-12-15,936.4555,465.9164,243.2789,839.4937,198.7182,183.5539,279.2072,598.5518,658.8296,497.3341,344.7696,1953.2537
2023-12-22,952.209,464.9695,248.2541,835.2086,200.3184,184.305,283.6689,579.8027,664.7051,510.2641,342.6766,2013.4171
2023-12-29,917.5936,474.139,254.4153,825.5776,197.3954,186.7032,280.8778,578.4333,659.0667,503.7343,343.1122,1983.3214
2024-01-05,930.8795,476.8212,255.404,828.4402,199.1665,185.0461,279.6312,586.8964,663.3887,519.1779,346.248,2031.1499
2024-01-12,941.3702,483.066,259.1434,822.4283,198.5462,189.4901,277.0433,606.2637,674.76,533.5665,353.5826,2022.7935
2024-01-19,918.23,470.4563,258.9223,829.9835,197.7699,197.3189,274.862,601.7243,672.7449,522.0499,359.3613,2081.1617
2024-01-26,934.183,460.9878,251.1042,852.8413,206.7011,197.8442,276.0051,588.7687,684.8117,506.8214,373.4348,2102.4674
2024-02-02,912.5571,477.3883,246.7915,850.1439,209.7954,196.1234,282.2897,584.7514,685.1946,506.824,362.5649,2127.569
2024-02-09,880.7344,482.5871,234.8868,832.2434,211.8673,197.7537,282.9264,583.3272,682.4301,497.3726,362.4397,2092.294
2024-02-16,886.8787,478.6596,236.229,832.322,209.8609,200.8315,296.3441,600.5972,694.3152,490.9044,362.0563,2095.5393
2024-02-23,862.991,480.5744,228.621,829.7233,208.674,197.5637,286.9114,581.5459,690.4193,483.0029,367.1244,2088.699
2024-03-01,877.6353,463.0101,221.9771,832.1162,209.5376,196.9116,282.5103,591.7751,709.0411,484.8119,364.4199,2053.2179
2024-03-08,898.6937,461.0555,226.4733,835.5888,209.9631,194.3867,287.3445,605.089,718.4424,488.6272,378.5204,2062.8626
2024-03-15,900.4278,451.4645,230.0039,851.9129,207.0512,195.5555,281.5694,600.3518,727.9939,480.2212,378.7397,2122.4583
2024-03-22,879.2637,464.3749,225.5684,849.5556,209.0536,194.9139,283.1405,599.4235,744.9067,483.3052,390.9911,2198.4219
2024-03-29,890.5498,468.8459,216.3205,856.2249,206.5356,195.2699,292.6964,596.5819,739.1042,485.1731,393.4697,2225.8197
2024-04-05,934.5669,476.054,215.1494,873.6618,207.0149,198.8924,296.517,593.7826,753.3303,496.4328,400.8138,2206.7739
2024-04-12,956.0474,467.1761,212.7723,886.1412,207.7247,198.896,299.4635,617.138,760.2955,500.9611,396.1735,2127.1766
2024-04-19,956.7334,464.1612,221.7008,890.7835,207.4508,197.0894,295.6064,603.8913,758.1893,498.8318,397.2971,2094.0077
2024-04-26,977.7637,462.0973,219.5444,885.3679,215.5546,194.2637,307.2274,588.6955,762.7365,498.9791,393.6661,2211.8166
2024-05-03,1004.8768,459.6836,216.4438,891.0933,217.0781,196.2377,307.3511,601.7467,769.045,493.9767,398.4264,2211.1581
2024-05-10,1014.7559,454.0317,223.0045,904.1205,220.7389,193.9495,313.4791,600.7767,779.3005,481.0603,403.6949,2243.9932
2024-05-17,1032.7754,470.8386,219.8393,916.4612,224.1207,192.2221,305.9621,590.0955,760.6922,472.006,392.0113,2252.8403
2024-05-24,1067.7568,496.2714,217.4441,918.9802,216.5329,191.0184,303.7514,583.7505,791.5642,479.2724,388.9383,2266.865
2024-05-31,1055.5404,525.8899,218.6998,910.7101,219.1948,193.9053,292.1782,592.7268,802.4652,499.9265,394.2131,2305.878
2024-06-07,1059.2459,547.486,218.656,929.3161,221.342,192.4722,296.5652,588.0001,816.2297,502.4922,390.7328,2360.6341
2024-06-14,1028.6726,558.3617,214.9715,917.1248,224.6119,194.2087,306.1416,584.3674,823.7742,495.1782,384.7085,2491.822
2024-06-21,994.5793,572.0688,218.059,920.5207,231.984,192.5271,309.3654,593.3091,836.5074,481.4264,374.3933,2518.9449
2024-06-28,995.7672,573.6007,221.7662,922.8755,230.8451,188.9797,308.7559,607.0627,817.431,492.4017,375.9599,2500.3596
2024-07-05,1001.9195,580.7237,219.2621,906.2754,233.4692,191.4339,321.956,605.4908,832.0417,502.0913,382.7996,2494.418
2024-07-12,985.3724,576.5807,210.7954,915.0495,228.5866,196.9208,330.3431,621.9972,819.0104,501.2336,372.2183,2437.0171
2024-07-19,958.7011,569.9182,199.9787,915.1667,226.1416,196.8924,334.3536,635.9026,825.3017,496.2641,376.3467,2559.5073
2024-07-26,993.9731,588.206,203.2742,887.3067,227.5184,198.7635,328.2332,654.2569,825.0348,498.1465,368.2619,2571.5232
2024-08-02,959.8498,589.1615,211.6936,872.7449,228.8469,202.5413,330.3364,671.0553,816.7637,492.244,362.2296,2535.3742
2024-08-09,959.5946,603.17,209.5982,865.1304,232.2659,207.7313,351.1985,654.5605,784.3764,496.4695,367.2439,2601.9491
2024-08-16,908.709,607.3372,209.6973,879.0356,237.8065,207.9646,342.3843,659.3444,789.4775,504.3046,356.1904,2575.4749
2024-08-23,895.624,617.0179,210.6044,876.1744,240.9985,211.6171,349.7961,677.7247,807.6113,516.8243,352.1142,2558.5702
2024-08-30,926.7517,624.1265,231.8688,893.9564,247.5767,216.2213,354.3243,693.839,816.7962,516.6577,344.2793,2533.1599
2024-09-06,944.747,628.7261,223.8914,897.2864,247.67,219.1548,363.4805,686.3019,793.1659,522.5955,349.9613,2605.353
2024-09-13,947.4094,597.4149,218.6448,875.3827,248.6552,220.6044,371.2124,687.3048,827.1931,530.1855,350.3431,2495.4984
2024-09-20,924.187,601.4159,223.392,856.3322,242.9627,223.3764,369.2864,692.2562,811.9697,522.796,359.3208,2428.1779
2024-09-27,889.7221,600.8705,226.5752,846.0228,237.9297,225.4747,368.6544,696.6544,824.0585,522.3336,360.4128,2369.8244
2024-10-04,905.4536,603.8821,224.8368,844.4401,236.7427,222.9774,371.6683,688.5157,833.1089,522.5013,363.1319,2355.0556
2024-10-11,886.6358,610.7955,224.7093,851.8268,236.5154,224.1251,370.9163,710.3969,831.1532,524.4335,381.2856,2303.66
2024-10-18,875.7041,591.3647,231.7759,868.8203,230.8902,226.9469,373.1023,710.5443,853.2426,527.7592,379.1783,2251.8904
2024-10-25,882.2543,579.4961,233.5004,861.7081,230.7642,223.2279,377.7002,708.3037,853.1817,527.3362,384.5361,2189.9833
2024-11-01,866.2928,588.1827,233.9563,860.5478,222.4242,226.3572,376.9009,714.6876,820.1736,536.1415,375.1958,2169.4724
2024-11-08,897.1916,582.0337,235.5942,873.1197,215.5218,226.5988,370.6515,703.5476,823.9187,532.3924,379.5184,2177.1749
2024-11-15,880.1433,561.0213,234.2953,870.5405,217.9877,225.0356,366.1716,679.2624,849.204,541.0605,377.1733,2254.3102
2024-11-22,910.784,558.6827,239.488,867.4098,218.4485,223.3406,363.3937,696.5716,837.821,542.3537,378.0945,2206.3093
2024-11-29,902.5616,544.0527,252.3951,877.7357,218.5002,223.0396,376.0763,685.0712,829.3303,544.5981,390.4992,2207.9772
2024-12-06,909.0114,528.2045,254.607,882.6486,223.1624,218.9902,359.2624,693.0252,800.9282,543.8963,382.4024,2223.4154
2024-12-13,899.2293,531.0921,252.7828,863.7756,222.3479,215.8624,353.7768,686.4976,785.976,548.7627,380.8091,2260.9206
2024-12-20,889.7647,528.3271,252.1033,867.8522,225.003,218.2304,344.4364,672.1209,804.3346,541.0434,388.4481,2342.3038
2024-12-27,887.7738,521.3367,250.5734,874.4342,222.1605,218.9803,357.0805,685.3668,811.9015,525.2335,391.2907,2312.8454
2025-01-03,894.6177,515.2405,255.1997,885.4318,218.8052,220.0741,367.0277,690.6556,804.7109,520.2714,384.0728,2304.776
2025-01-10,888.5959,514.4666,255.1094,878.0305,223.5251,225.2142,359.5692,687.2141,799.1767,524.2262,391.0523,2262.7284
2025-01-17,892.2546,504.7672,256.2301,874.5907,230.2772,226.2779,354.3123,686.9127,807.5501,527.0535,407.3945,2294.213
2025-01-24,899.162,500.5358,245.1967,901.9366,223.6023,222.2139,349.6031,687.8095,797.6685,531.9216,411.2224,2237.3738
2025-01-31,889.5988,506.6403,244.0477,900.8419,227.5299,224.8377,353.7625,686.7155,791.4638,531.1986,413.7556,2184.3602
2025-02-07,886.971,504.3873,250.2682,911.1202,220.7012,223.2704,354.0535,694.1335,832.6506,520.9037,405.9894,2234.3951
2025-02-14,855.0588,478.2379,243.6362,884.9332,216.3133,219.2444,358.0723,681.4406,829.1633,514.1033,401.8284,2089.024
2025-02-21,840.1203,473.6962,243.8112,893.5528,215.0539,218.4055,365.8472,684.4683,809.3466,508.8956,407.0386,2087.3336
2025-02-28,889.1668,472.157,252.1169,885.7728,214.4622,217.5065,372.2993,672.0998,808.7486,505.2275,403.9342,2114.3361
2025-03-07,912.374,478.8996,242.2585,879.86,219.2795,217.1541,366.5616,659.6851,806.258,495.2619,393.8972,2080.9958
2025-03-14,910.1227,473.2252,241.9016,862.9271,214.4743,220.0056,367.8115,641.0865,804.162,488.524,385.1389,2026.9518
2025-03-21,866.1202,459.8011,237.2739,859.0711,215.4256,216.8482,366.2768,633.631,769.6412,473.6689,380.4982,2136.0721
2025-03-28,859.6849,467.0602,232.4321,850.5004,216.5703,220.9262,357.1397,631.8857,756.8783,475.8425,371.6008,2087.3108
2025-04-04,842.0966,464.4627,234.5718,842.9194,212.6718,224.8531,355.7017,606.5681,757.1471,465.4801,369.6545,2047.3331
2025-04-11,822.8913,459.3361,235.3963,828.995,211.6734,220.928,346.7832,597.8011,740.6963,470.9955,365.2604,2067.636
2025-04-18,847.5595,449.0475,228.5145,805.4228,208.5428,217.0005,344.9607,591.263,741.6937,461.8258,372.7632,2040.9295
2025-04-25,811.4847,430.0091,231.9355,776.3029,204.9393,215.0382,339.6349,588.8619,728.1689,459.4875,372.3808,2018.1014
2025-05-02,824.1477,422.2705,233.4111,768.9827,206.1393,216.9739,337.4145,592.7279,701.439,455.8095,378.8346,2003.3969
2025-05-09,847.1013,397.8396,231.2508,771.4595,208.9999,219.0876,336.1906,575.7898,688.3007,450.8617,368.4936,1980.5552
2025-05-16,869.9559,394.952,231.5529,789.6379,205.7009,218.9586,333.7314,568.7084,678.2316,442.5691,377.8338,2023.739
2025-05-23,907.0517,393.2635,232.0898,781.5179,200.5129,217.2313,334.888,566.5551,662.7021,440.9891,377.1561,1973.9928
2025-05-30,882.3439,400.4317,226.982,759.6553,200.6526,217.067,345.1242,565.3639,669.4927,436.165,367.3,1956.0437
2025-06-06,867.4574,424.3803,227.0425,755.2068,193.5912,218.4561,347.1722,549.2151,669.6473,448.4395,350.9865,1992.7104
2025-06-13,886.017,427.9197,222.5077,746.949,193.8928,222.1726,348.3355,565.7152,656.9186,455.8415,352.8254,2012.8812
2025-06-20,881.0746,405.4755,217.5403,721.1041,194.5997,220.2976,357.0178,563.1297,665.2945,453.248,349.0822,1993.3665
2025-06-27,897.8847,392.0123,218.4287,716.1105,197.234,222.7929,359.0601,554.1286,667.5492,453.9866,348.9945,1952.331
2025-07-04,902.8203,391.4151,219.0211,708.4658,193.3051,224.7281,362.9948,559.5191,677.7482,454.8463,346.0769,1951.7793
2025-07-11,920.5983,389.1674,220.6788,714.1334,199.5932,219.5321,360.596,562.1396,688.8516,453.139,355.7898,1953.8185
2025-07-18,905.5664,396.3195,215.4264,688.3862,199.8381,223.128,368.1137,552.0181,694.6622,446.7594,360.3237,1956.2608
2025-07-25,868.7125,383.2521,214.5516,679.6376,201.2197,223.3001,365.3824,559.4813,700.591,455.0473,375.3957,1941.2102
2025-08-01,860.2073,383.336,206.2984,674.3533,199.5934,215.6917,365.885,565.3397,702.2091,441.6947,373.4184,1893.9921
2025-08-08,809.2383,380.7365,199.2522,680.5835,198.2573,211.948,358.3288,546.9894,721.744,432.8092,365.4901,1902.026
2025-08-15,832.055,367.5622,206.1912,666.5349,199.168,207.835,351.5157,536.1779,718.9907,438.7844,365.0394,1934.2124
2025-08-22,819.1124,363.6152,208.0878,684.1403,189.222,206.3817,340.4135,527.0628,709.1874,440.5083,354.4383,1938.8269
2025-08-29,801.3906,362.6152,204.4505,695.528,190.3481,207.3636,341.6913,533.575,709.4919,441.4178,357.4004,1928.6829
2025-09-05,791.9101,364.575,204.2194,678.0308,190.0105,205.2005,338.377,524.7469,702.9851,446.8,354.9899,1852.234
2025-09-12,789.3918,375.2373,211.9879,705.137,195.2477,204.2203,333.2733,534.3392,708.7251,436.9229,355.2151,1898.509
2025-09-19,768.6504,369.8669,207.7855,711.7625,192.9888,204.7639,335.5869,517.4469,698.3343,431.8308,357.3261,1901.8229
2025-09-26,785.4297,356.0845,207.3496,695.538,189.2965,202.5264,332.2381,516.6089,666.6629,429.108,354.6561,1885.9968
2025-10-03,808.0813,363.0075,205.0318,706.4144,191.8871,201.7461,329.1891,515.3637,667.46,424.9478,358.2711,1832.3927
2025-10-10,790.2957,372.4906,202.497,698.869,195.1792,204.748,338.4252,506.0701,652.2354,420.625,353.987,1828.5691
2025-10-17,793.9297,361.4506,203.2801,685.5492,198.6268,204.23,342.3221,508.8856,643.7098,418.8814,344.3659,1807.5155
2025-10-24,800.1079,353.9743,208.9803,670.8257,198.0503,199.963,339.747,501.435,639.4009,415.7864,345.4869,1774.107
2025-10-31,797.5397,338.6781,210.9137,661.8724,195.0041,197.299,324.4429,489.6553,649.456,412.7823,340.9329,1792.2526
2025-11-07,788.1304,340.2049,213.0662,654.5187,195.3303,199.6595,313.3867,488.9366,636.8063,420.5856,338.2939,1799.7322
2025-11-14,797.8667,340.033,206.7936,648.2318,192.5234,197.0726,301.9151,486.9075,628.441,418.223,323.2053,1763.8851
2025-11-21,823.3714,351.2157,206.1183,655.8753,198.03,189.3254,296.6952,492.0045,611.9281,414.1869,333.0915,1745.5738
2025-11-28,809.7494,340.6725,203.7405,645.3885,197.4036,190.2364,295.9609,487.6832,603.0637,416.2732,347.5589,1717.5518
2025-12-05,775.3094,330.3255,207.9844,628.4208,196.8043,186.9755,308.5968,484.6184,598.2627,414.7003,352.2137,1693.5705
2025-12-12,800.3974,328.2266,206.5779,623.7115,197.1629,187.9202,311.9375,481.5263,589.8664,419.1327,347.533,1673.4207
2025-12-19,807.2184,331.3384,196.3048,615.7979,198.7289,186.8298,302.4092,481.1746,590.4232,422.9609,347.1954,1676.6494
2025-12-26,792.4695,336.9646,186.4636,622.6455,194.3242,186.9573,299.1635,482.5089,588.48,427.3111,337.5984,1724.1936
2026-01-02,811.9474,339.7361,185.076,620.7621,197.1432,188.6893,295.9146,472.5786,599.8019,440.3349,326.7423,1673.1395
2026-01-09,812.3894,333.5936,186.6593,623.8286,194.3532,190.0469,305.364,465.455,611.1987,425.364,335.4197,1667.5915
2026-01-16,828.0773,336.6928,193.7182,620.0908,192.2261,189.2315,294.8188,465.9141,615.7904,426.2345,336.6699,1646.7549
2026-01-23,829.351,335.1683,187.4424,617.3819,194.1265,190.5171,293.2704,465.9954,606.7702,427.4593,332.1183,1649.9097
2026-01-30,843.855,332.606,186.1514,621.6878,197.978,190.729,291.9092,461.1899,610.1176,426.6114,327.2251,1577.0467
2026-02-06,833.3063,332.0644,182.2838,612.2639,189.0615,187.7386,297.9716,463.1498,615.3504,435.3603,326.5707,1541.5481
2026-02-13,814.2513,331.7425,180.9537,623.2069,189.4991,186.6089,293.2479,464.4888,619.747,431.9074,329.6493,1513.6609
2026-02-20,802.6053,331.6485,179.4357,620.5364,189.3728,184.3749,300.8768,467.6937,628.762,429.246,319.5624,1564.5389
